NBCC PGA values for building code localities,,,,,,,,,,,,,,,
"mean values, soil class C",,,,,,,,,,,,,,,
,,,Annual probability,,,,,,,,,,,,
Longitude,Latitude,Parameter,0.02,0.01375,0.01,0.00445,0.0021,0.001,0.0005,0.000404,0.0002,0.0001,Ref No.,Location,Prov.
-121.283,51.65,PGA,0.0044,0.006,0.0078,0.0148,0.0247,0.0387,0.0569,0.0638,0.0926,0.1336,1,100 Mile House,BC
-122.329,49.052,PGA,0.045,0.0575,0.0698,0.1086,0.1555,0.214,0.2822,0.3065,0.3968,0.5055,2,Abbotsford,BC
-121.77,49.23,PGA,0.028,0.036,0.0441,0.07,0.1019,0.1419,0.189,0.2058,0.2715,0.3546,3,Agassiz,BC
-124.8,49.27,PGA,0.0399,0.0524,0.0658,0.1155,0.1896,0.2897,0.3987,0.4366,0.5621,0.7018,4,Alberni,BC
-121.28,50.72,PGA,0.007,0.0096,0.0124,0.0227,0.0373,0.0575,0.0824,0.0915,0.1276,0.1754,5,Ashcroft,BC
-121.4,57.38,PGA,0.0017,0.003,0.0045,0.0114,0.0228,0.041,0.0677,0.0786,0.1268,0.1964,6,Beatton River,BC
-125.75,54.23,PGA,0.0039,0.0054,0.0071,0.0126,0.0186,0.0268,0.0386,0.0433,0.066,0.1003,7,Burns Lake,BC
-121.32,50.8,PGA,0.0067,0.0093,0.012,0.0221,0.0365,0.0564,0.081,0.0898,0.1255,0.1728,8,Cache Creek,BC
-125.24,50.02,PGA,0.0278,0.0362,0.0451,0.0785,0.1252,0.1866,0.2574,0.282,0.3729,0.4812,9,Campbell River,BC
-119.12,49.5,PGA,0.0049,0.0066,0.0084,0.0154,0.0256,0.04,0.0583,0.0651,0.0929,0.1312,10,Carmi,BC
-117.67,49.32,PGA,0.0036,0.0048,0.0062,0.0117,0.0201,0.0329,0.0507,0.0577,0.0872,0.1286,11,Castlegar,BC
-121.63,55.7,PGA,0.0028,0.0042,0.0057,0.0128,0.0252,0.0447,0.0717,0.082,0.1246,0.183,12,Chetwynd,BC
-121.95,49.167,PGA,0.033,0.0425,0.0516,0.0816,0.1183,0.1653,0.2213,0.2417,0.3212,0.4227,13,Chilliwack,BC
-124.93,49.68,PGA,0.0306,0.0401,0.0503,0.0878,0.1408,0.21,0.29,0.3171,0.4164,0.5262,14,Comox,BC
-124.98,49.68,PGA,0.0305,0.0399,0.0501,0.0876,0.1413,0.2118,0.2934,0.3206,0.4216,0.5323,15,Courtenay,BC
-115.77,49.5,PGA,0.0059,0.0084,0.0111,0.0195,0.031,0.0469,0.0674,0.0751,0.1064,0.1494,16,Cranbrook,BC
-117.55,49.45,PGA,0.0036,0.0048,0.0062,0.0118,0.0202,0.0329,0.0507,0.0578,0.0872,0.1286,17,Crescent Valley,BC
-123.65,48.87,PGA,0.0741,0.0949,0.1157,0.1835,0.2631,0.3557,0.4569,0.4889,0.6112,0.7397,18,Crofton,BC
-120.23,55.77,PGA,0.0019,0.0034,0.0049,0.0122,0.0239,0.0426,0.0694,0.0801,0.1271,0.1955,19,Dawson Creek,BC
-122.3,51.58,PGA,0.0056,0.0078,0.0104,0.0195,0.0322,0.0494,0.0711,0.079,0.1111,0.155,20,Dog Creek,BC
-123.7,48.78,PGA,0.0758,0.0971,0.1184,0.1884,0.272,0.3696,0.4748,0.5089,0.6357,0.7711,21,Duncan,BC
-115.12,49.3,PGA,0.0087,0.0123,0.0158,0.0277,0.0433,0.0637,0.0885,0.0977,0.1337,0.1817,22,Elko,BC
-115.07,49.5,PGA,0.0077,0.0111,0.0144,0.0259,0.0419,0.0646,0.0946,0.1061,0.155,0.2249,23,Fernie,BC
-122.7,58.83,PGA,0.0038,0.0054,0.0072,0.0145,0.0256,0.0435,0.07,0.0809,0.1292,0.1972,24,Fort Nelson,BC
-120.85,56.25,PGA,0.0018,0.0032,0.0047,0.0119,0.0234,0.0418,0.0682,0.0789,0.1256,0.1935,25,Fort St. John,BC
-117.52,51.27,PGA,0.0042,0.0063,0.0089,0.0184,0.0327,0.0541,0.0825,0.0931,0.1359,0.1918,26,Glacier,BC
-116.97,51.3,PGA,0.0046,0.0072,0.0103,0.0221,0.0406,0.0685,0.106,0.1202,0.1795,0.2596,27,Golden,BC
-118.45,49.03,PGA,0.0041,0.0055,0.007,0.013,0.0223,0.0359,0.0538,0.0607,0.089,0.129,28,Grand Forks,BC
-118.68,49.1,PGA,0.0044,0.0059,0.0076,0.014,0.0237,0.0377,0.0558,0.0626,0.0906,0.1298,29,Greenwood,BC
-121.44,49.38,PGA,0.0204,0.0264,0.0326,0.0528,0.0788,0.112,0.1522,0.1669,0.2249,0.3011,30,Hope,BC
-120.32,50.67,PGA,0.005,0.0068,0.0088,0.0161,0.0267,0.0416,0.0603,0.0671,0.0951,0.1338,31,Kamloops,BC
-116.92,49.92,PGA,0.0039,0.0053,0.0071,0.0136,0.0229,0.0366,0.0553,0.0626,0.092,0.133,32,Kaslo,BC
-119.48,49.88,PGA,0.0051,0.0068,0.0087,0.0158,0.0262,0.0407,0.0591,0.0659,0.0935,0.1315,33,Kelowna,BC
-115.98,49.68,PGA,0.0052,0.0073,0.0097,0.0176,0.0286,0.0444,0.0653,0.0731,0.105,0.1484,34,Kimberley,BC
-128.63,54.05,PGA,0.0105,0.014,0.0176,0.0283,0.0406,0.0554,0.0731,0.0797,0.107,0.1487,35,Kitimat Plant,BC
-128.65,54.07,PGA,0.0105,0.014,0.0176,0.0283,0.0406,0.0554,0.0731,0.0797,0.107,0.1486,36,Kitimat Townsite,BC
-121.93,50.68,PGA,0.0092,0.0127,0.0164,0.0307,0.051,0.0803,0.1179,0.1323,0.1916,0.2727,37,Lillooet,BC
-121.57,50.23,PGA,0.0111,0.0149,0.019,0.0338,0.0547,0.0842,0.122,0.1364,0.1949,0.2745,38,Lytton,BC
-123.08,55.3,PGA,0.0031,0.0043,0.0056,0.0111,0.0211,0.0386,0.0641,0.074,0.1153,0.1735,39,Mackenzie,BC
-132.1,54.02,PGA,0.0756,0.0934,0.1103,0.1596,0.2129,0.2744,0.3401,0.3622,0.4448,0.5388,40,Masset,BC
-120.17,53.3,PGA,0.0038,0.0057,0.008,0.0178,0.0342,0.0613,0.1006,0.1164,0.1863,0.2874,41,McBride,BC
-123.03,54.98,PGA,0.0032,0.0043,0.0056,0.0107,0.0197,0.0355,0.0587,0.0679,0.1066,0.1614,42,McLeod Lake,BC
-120.783,50.1,PGA,0.0084,0.0114,0.0144,0.0254,0.0409,0.0623,0.0883,0.098,0.1359,0.1854,43,Merritt,BC
-122.3,49.13,PGA,0.0409,0.0521,0.0636,0.0994,0.1429,0.197,0.2605,0.2829,0.3682,0.473,44,Mission City,BC
-117.58,49.08,PGA,0.0036,0.0049,0.0063,0.0118,0.02,0.0327,0.0504,0.0575,0.0871,0.1289,45,Montrose,BC
-117.8,50.23,PGA,0.0035,0.0048,0.0063,0.0125,0.0213,0.0345,0.0524,0.0595,0.0885,0.1288,46,Nakusp,BC
-123.93,49.17,PGA,0.0615,0.0797,0.0983,0.1587,0.2325,0.32,0.4157,0.447,0.5592,0.686,47,Nanaimo,BC
-117.28,49.48,PGA,0.0037,0.005,0.0065,0.0123,0.0206,0.0333,0.051,0.0581,0.0876,0.1291,48,Nelson,BC
-127.7,52.35,PGA,0.014,0.0178,0.0215,0.0334,0.0473,0.0642,0.0837,0.0908,0.1201,0.1634,49,Ocean Falls,BC
-119.5,49.03,PGA,0.007,0.0095,0.0121,0.0212,0.034,0.0515,0.0732,0.081,0.112,0.1529,50,Osoyoos,BC
-119.58,49.5,PGA,0.0062,0.0083,0.0107,0.0188,0.0305,0.0465,0.0663,0.0734,0.102,0.1401,51,Penticton,BC
-124.8,49.233,PGA,0.0406,0.0534,0.0671,0.1181,0.1949,0.3001,0.4143,0.451,0.5838,0.7273,52,Port Alberni,BC
-127.42,50.7,PGA,0.0623,0.0784,0.0935,0.1387,0.1872,0.243,0.3013,0.3198,0.3873,0.4625,53,Port Hardy,BC
-127.1,50.58,PGA,0.0612,0.0771,0.0919,0.1374,0.187,0.2449,0.3062,0.3253,0.3969,0.4753,54,Port McNeill,BC
-124.52,49.83,PGA,0.0291,0.0384,0.0482,0.0825,0.127,0.1842,0.2499,0.2726,0.3584,0.4625,55,Powell River,BC
-122.75,53.92,PGA,0.0032,0.0043,0.0054,0.01,0.0167,0.0274,0.0431,0.0493,0.0759,0.1132,56,Prince George,BC
-130.32,54.32,PGA,0.0206,0.0261,0.0315,0.0477,0.066,0.0865,0.1093,0.1169,0.1462,0.183,57,Prince Rupert,BC
-120.51,49.5,PGA,0.0109,0.0144,0.0181,0.0313,0.0497,0.0755,0.1086,0.1211,0.1736,0.2471,58,Princeton,BC
-124.45,49.35,PGA,0.0446,0.0587,0.0733,0.1241,0.1907,0.2735,0.3631,0.3943,0.5017,0.6257,59,Qualicum Beach,BC
-122.48,52.98,PGA,0.0034,0.0046,0.0059,0.0108,0.0176,0.0275,0.0412,0.0467,0.0706,0.1056,60,Quesnel,BC
-118.2,50.98,PGA,0.0037,0.0052,0.0069,0.0138,0.0236,0.0378,0.0568,0.0641,0.0934,0.133,61,Revelstoke,BC
-119.28,50.7,PGA,0.0038,0.0052,0.0067,0.0128,0.0217,0.0348,0.0524,0.0592,0.0877,0.1275,62,Salmon Arm,BC
-131.82,53.25,PGA,0.1106,0.1412,0.1703,0.2577,0.3519,0.4589,0.5682,0.6067,0.7299,0.8594,63,Sandspit,BC
-123.4,48.65,PGA,0.0824,0.1056,0.1285,0.2019,0.2905,0.3942,0.5054,0.5433,0.6794,0.8262,64,Sidney,BC
-126.43,59.88,PGA,0.0253,0.0352,0.0456,0.0818,0.1337,0.2121,0.316,0.3519,0.488,0.6443,65,Smith River,BC
-127.167,54.783,PGA,0.0045,0.0065,0.0088,0.015,0.0218,0.0307,0.0425,0.0474,0.0687,0.1013,66,Smithers,BC
-123.15,49.7,PGA,0.0324,0.0423,0.0521,0.085,0.1263,0.18,0.2437,0.2664,0.3549,0.4649,67,Squamish,BC
-129.98,55.93,PGA,0.0072,0.0096,0.0122,0.0209,0.0314,0.0445,0.0611,0.0676,0.0962,0.1403,68,Stewart,BC
-120.69,56.2,PGA,0.0018,0.0032,0.0047,0.0119,0.0233,0.0416,0.068,0.0787,0.1251,0.193,69,Taylor,BC
-128.6,54.52,PGA,0.0084,0.0115,0.0147,0.0244,0.0353,0.049,0.0657,0.072,0.0995,0.1426,70,Terrace,BC
-125.88,49.12,PGA,0.0353,0.0454,0.0564,0.1029,0.2121,0.4233,0.6328,0.696,0.9111,1.1342,71,Tofino,BC
-117.7,49.1,PGA,0.0036,0.0048,0.0062,0.0117,0.02,0.0328,0.0506,0.0576,0.0871,0.1287,72,Trail,BC
-125.55,48.93,PGA,0.0322,0.0418,0.0524,0.0959,0.2009,0.4281,0.6427,0.7084,0.9285,1.1547,73,Ucluelet,BC
-122.92,49.28,PGA,0.0468,0.0603,0.0736,0.1161,0.1683,0.2332,0.3074,0.3323,0.4294,0.5399,74,Burnaby (Simon Fraser Univ.),BC
-122.733,49.1,PGA,0.0515,0.066,0.0802,0.1248,0.1792,0.2455,0.3205,0.3459,0.4431,0.5547,75,Cloverdale,BC
-122.6,49.22,PGA,0.0431,0.055,0.0671,0.1055,0.1518,0.2096,0.2769,0.3008,0.3891,0.4954,76,Haney,BC
-123.08,49.08,PGA,0.0605,0.0774,0.0939,0.1467,0.2091,0.2856,0.3693,0.3988,0.5026,0.6246,77,Ladner,BC
-122.65,49.1,PGA,0.0497,0.0636,0.0773,0.12,0.1723,0.2365,0.3096,0.3342,0.4297,0.5387,78,Langley,BC
-122.92,49.22,PGA,0.0498,0.064,0.0781,0.1226,0.1774,0.2442,0.3202,0.3458,0.4442,0.5568,79,New Westminster,BC
-123.07,49.32,PGA,0.0478,0.0618,0.0756,0.1196,0.174,0.2416,0.3182,0.3442,0.444,0.5583,80,North Vancouver,BC
-123.1,49.17,PGA,0.056,0.072,0.0876,0.1382,0.1978,0.2718,0.3536,0.3821,0.485,0.6058,81,Richmond,BC
-122.79,49.163,PGA,0.0497,0.0638,0.0777,0.1212,0.1747,0.2404,0.3146,0.3396,0.4366,0.5473,82,Surrey (88 Ave & 156 St.),BC
-123.12,49.25,PGA,0.0522,0.0673,0.0822,0.13,0.1879,0.2593,0.3394,0.3669,0.4691,0.5878,83,Vancouver (city hall),BC
-123.14,49.234,PGA,0.0535,0.0689,0.084,0.1328,0.1916,0.2642,0.3452,0.3732,0.476,0.5959,84,Vancouver (Granville & 41 Ave),BC
-123.17,49.33,PGA,0.049,0.0634,0.0777,0.1232,0.1796,0.2492,0.3279,0.3547,0.4563,0.5734,85,West Vancouver,BC
-119.27,50.3,PGA,0.0041,0.0056,0.0072,0.0135,0.0227,0.0362,0.0538,0.0607,0.0887,0.1279,86,Vernon,BC
-123.32,48.42,PGA,0.0861,0.1101,0.1345,0.2116,0.3063,0.4176,0.5351,0.5768,0.7206,0.8749,87,Victoria Gonzales Height,BC
-123.33,48.47,PGA,0.0862,0.1103,0.1345,0.2113,0.3054,0.4156,0.5324,0.5737,0.7167,0.8708,88,Victoria Mt Tolmie,BC
-123.37,48.43,PGA,0.0856,0.1096,0.1339,0.2117,0.3072,0.4199,0.5388,0.5812,0.7261,0.8809,89,Victoria,BC
-122.15,52.133,PGA,0.0042,0.0057,0.0075,0.0142,0.0237,0.0371,0.0549,0.0618,0.0911,0.1341,90,Williams Lake,BC
-124.2,48.88,PGA,0.0642,0.0836,0.1038,0.1735,0.2643,0.3746,0.493,0.5323,0.6736,0.8218,91,Youbou,BC
-113.28,54.72,PGA,0.0013,0.0022,0.0033,0.0069,0.013,0.0219,0.0344,0.0393,0.0607,0.0909,92,Athabasca,AB
-115.57,51.17,PGA,0.0049,0.0079,0.0116,0.0252,0.0457,0.0753,0.1133,0.1276,0.1858,0.2628,93,Banff,AB
-114.4,54.13,PGA,0.0017,0.0029,0.0041,0.0094,0.0183,0.0332,0.0557,0.0651,0.1071,0.1724,94,Barrhead,AB
-119.43,55.22,PGA,0.0023,0.0038,0.0054,0.0128,0.0246,0.0434,0.0703,0.0811,0.128,0.1968,95,Beaverlodge,AB
-111.88,50.58,PGA,0.0025,0.0036,0.0049,0.0105,0.0199,0.0359,0.0612,0.0718,0.1201,0.1906,96,Brooks,AB
-114.08,51.05,PGA,0.004,0.006,0.0085,0.0182,0.033,0.0552,0.0857,0.0975,0.1473,0.2159,97,Calgary,AB
-114.65,54.13,PGA,0.0018,0.0031,0.0043,0.0099,0.0194,0.0354,0.0601,0.0702,0.1151,0.1832,98,Campsie,AB
-112.83,53.02,PGA,0.0016,0.0026,0.0038,0.0087,0.0169,0.0302,0.0499,0.058,0.093,0.1441,99,Camrose,AB
-113.3,49.2,PGA,0.0103,0.0143,0.0185,0.0327,0.0519,0.0793,0.1162,0.1306,0.1929,0.2819,100,Cardston,AB
-113.58,50.03,PGA,0.0055,0.008,0.0108,0.021,0.0366,0.0607,0.094,0.107,0.1615,0.2377,101,Claresholm,AB
-110.17,54.45,PGA,0.0011,0.0017,0.0025,0.0053,0.0099,0.0169,0.0274,0.0317,0.051,0.0791,102,Cold Lake,AB
-114.5,49.63,PGA,0.008,0.0116,0.0153,0.0286,0.0476,0.0757,0.1135,0.1281,0.1894,0.2739,103,Coleman,AB
-111.45,52.08,PGA,0.0016,0.0026,0.0037,0.0077,0.0144,0.0244,0.0386,0.0442,0.0673,0.0982,104,Coronation,AB
-114.08,49.57,PGA,0.0085,0.0122,0.016,0.0297,0.049,0.0774,0.1154,0.1302,0.1922,0.2777,105,Cowley,AB
-112.7,51.47,PGA,0.0023,0.0036,0.0049,0.0111,0.0211,0.038,0.0638,0.0745,0.1227,0.1931,106,Drumheller,AB
-113.47,53.55,PGA,0.0016,0.0027,0.0039,0.009,0.0176,0.032,0.0542,0.0635,0.1059,0.173,107,Edmonton,AB
-116.43,53.58,PGA,0.0034,0.0052,0.0075,0.0164,0.0296,0.0493,0.0766,0.0871,0.1323,0.1978,108,Edson,AB
-111.47,58.45,PGA,0.0011,0.0016,0.0023,0.0048,0.009,0.0158,0.026,0.0303,0.0502,0.0821,109,Embarras Portage,AB
-118.38,56.07,PGA,0.0016,0.0028,0.0042,0.0105,0.021,0.0384,0.0646,0.0752,0.1221,0.1915,110,Fairview,AB
-113.42,49.72,PGA,0.0065,0.0095,0.0126,0.0235,0.0394,0.0637,0.0975,0.1108,0.167,0.245,111,Fort MacLeod,AB
-111.38,56.73,PGA,0.0011,0.0017,0.0024,0.0051,0.0094,0.0162,0.0264,0.0307,0.0507,0.0819,112,Fort McMurray,AB
-113.22,53.72,PGA,0.0015,0.0025,0.0036,0.0082,0.0159,0.0279,0.0452,0.0519,0.0804,0.1177,113,Fort Saskatchewan,AB
-116,58.4,PGA,0.0011,0.0018,0.0027,0.0056,0.0105,0.0177,0.028,0.0322,0.0516,0.0829,114,Fort Vermilion,AB
-118.8,55.17,PGA,0.0022,0.0037,0.0053,0.0126,0.024,0.0422,0.0684,0.0789,0.1245,0.1924,115,Grande Prairie,AB
-118.73,58.83,PGA,0.0013,0.0022,0.0033,0.007,0.0134,0.0223,0.0347,0.0395,0.0603,0.091,116,Habay,AB
-111.3,52.67,PGA,0.0015,0.0024,0.0035,0.0071,0.0132,0.0221,0.0347,0.0398,0.0614,0.091,117,Hardisty,AB
-113.87,50.58,PGA,0.0044,0.0066,0.0091,0.0191,0.0345,0.0578,0.0888,0.1009,0.1492,0.2135,118,High River,AB
-117.58,53.4,PGA,0.0046,0.0074,0.011,0.0243,0.0444,0.0744,0.1147,0.1305,0.1967,0.2882,119,Hinton,AB
-118.08,52.88,PGA,0.0051,0.0081,0.0118,0.0254,0.046,0.0761,0.116,0.1315,0.1957,0.2847,120,Jasper,AB
-117.62,57.75,PGA,0.0012,0.0021,0.0032,0.0069,0.0131,0.0218,0.0339,0.0386,0.0594,0.0901,121,Keg River,AB
-111.97,54.77,PGA,0.0012,0.0019,0.0029,0.0059,0.0111,0.0186,0.0295,0.0339,0.054,0.0841,122,Lac la Biche,AB
-113.73,52.47,PGA,0.0023,0.0036,0.0051,0.0119,0.0227,0.0403,0.0663,0.0769,0.1239,0.1934,123,Lacombe,AB
-112.82,49.7,PGA,0.0054,0.0076,0.0103,0.0187,0.0308,0.0494,0.0762,0.087,0.1342,0.2003,124,Lethbridge,AB
-117.62,56.92,PGA,0.0013,0.0023,0.0035,0.008,0.0155,0.0266,0.0422,0.0482,0.0737,0.1084,125,Manning,AB
-110.67,50.05,PGA,0.0021,0.0031,0.0042,0.0087,0.0159,0.0274,0.0439,0.0502,0.0761,0.1092,126,Medicine Hat,AB
-117.28,56.23,PGA,0.0015,0.0025,0.0037,0.0089,0.0175,0.0314,0.052,0.0605,0.0975,0.1528,127,Peace River,AB
-113.95,49.48,PGA,0.0091,0.013,0.017,0.0311,0.0507,0.0791,0.1171,0.1318,0.1938,0.2797,128,Pincher Creek,AB
-111.68,53.42,PGA,0.0015,0.0023,0.0034,0.0068,0.0126,0.0211,0.0333,0.0382,0.0593,0.0891,129,Ranfurly,AB
-113.8,52.27,PGA,0.0024,0.0039,0.0054,0.0126,0.0237,0.0414,0.0674,0.078,0.1248,0.1941,130,Red Deer,AB
-114.92,52.37,PGA,0.0035,0.0053,0.0077,0.017,0.0307,0.0511,0.0793,0.0902,0.1369,0.2033,131,Rocky Mountain House,AB
-114.77,55.28,PGA,0.0015,0.0024,0.0035,0.0076,0.0145,0.0247,0.0388,0.0444,0.0679,0.1001,132,Slave Lake,AB
-112.72,52.32,PGA,0.002,0.0032,0.0043,0.0098,0.0187,0.0339,0.0573,0.0671,0.112,0.1813,133,Stettler,AB
-114,53.53,PGA,0.0018,0.0031,0.0043,0.0101,0.0196,0.0359,0.061,0.0712,0.117,0.1866,134,Stony Plain,AB
-111.17,50.2,PGA,0.0023,0.0034,0.0045,0.0094,0.0175,0.0311,0.0518,0.0604,0.0982,0.1531,135,Suffield,AB
-112.15,49.78,PGA,0.004,0.0056,0.0074,0.0142,0.0245,0.0416,0.0679,0.0789,0.1279,0.197,136,Taber,AB
-114.28,50.67,PGA,0.0047,0.0071,0.0101,0.0218,0.0405,0.0689,0.1068,0.1213,0.1818,0.2638,137,Turner Valley,AB
-117.28,55.07,PGA,0.002,0.0034,0.0049,0.0116,0.0226,0.0402,0.0662,0.0768,0.1226,0.1906,138,Valleyview,AB
-112.05,53.5,PGA,0.0013,0.0022,0.0032,0.0069,0.0131,0.0222,0.035,0.0401,0.0619,0.092,139,Vegreville,AB
-110.85,53.37,PGA,0.0014,0.0022,0.0032,0.0063,0.0114,0.019,0.0301,0.0346,0.0548,0.0845,140,Vermilion,AB
-114.98,55.35,PGA,0.0015,0.0024,0.0035,0.0078,0.0148,0.0253,0.0399,0.0457,0.0698,0.1028,141,Wagner,AB
-110.87,52.82,PGA,0.0014,0.0023,0.0033,0.0065,0.012,0.0199,0.0314,0.0361,0.0565,0.0858,142,Wainwright,AB
-113.37,52.97,PGA,0.0018,0.003,0.0043,0.01,0.0195,0.0359,0.061,0.0713,0.1178,0.1876,143,Wetaskiwin,AB
-115.68,54.15,PGA,0.0023,0.0036,0.0051,0.0118,0.0225,0.0399,0.0657,0.0763,0.1218,0.1896,144,Whitecourt,AB
-113.58,51.87,PGA,0.0027,0.0041,0.0058,0.0129,0.024,0.0417,0.0677,0.0783,0.1255,0.1948,145,Wimborne,AB
-105.98,49.63,PGA,0.0013,0.0029,0.0048,0.0142,0.0286,0.0491,0.075,0.084,0.1193,0.1627,146,Assiniboia,SK
-108.33,50.55,PGA,0.0014,0.0024,0.0035,0.0072,0.0132,0.0214,0.0327,0.0371,0.0561,0.0826,147,Battrum,SK
-108,52.07,PGA,0.0013,0.0021,0.003,0.0059,0.0107,0.0176,0.0283,0.0327,0.0528,0.0811,148,Biggar,SK
-102.58,50.37,PGA,0.0012,0.0022,0.0035,0.0082,0.0156,0.0261,0.0399,0.0451,0.066,0.0933,149,Broadview,SK
-104.53,51.75,PGA,0.0013,0.0021,0.0032,0.0065,0.012,0.0198,0.031,0.0355,0.0552,0.0832,150,Dafoe,SK
-106.5,51.82,PGA,0.0013,0.0021,0.0031,0.0062,0.0115,0.0189,0.0296,0.0341,0.0538,0.0819,151,Dundurn,SK
-102.98,49.13,PGA,0.0011,0.0025,0.0042,0.0128,0.0262,0.0457,0.0704,0.0793,0.1136,0.1557,152,Estevan,SK
-102.38,52.85,PGA,0.001,0.0016,0.0024,0.0051,0.0096,0.0164,0.027,0.0316,0.0524,0.0825,153,Hudson Bay,SK
-105.12,52.2,PGA,0.0013,0.002,0.003,0.0059,0.0109,0.0181,0.0288,0.0333,0.0534,0.0821,154,Humboldt,SK
-102.35,55.53,PGA,0.0008,0.0013,0.0019,0.0044,0.0086,0.0157,0.0265,0.0311,0.0522,0.0827,155,Island Falls,SK
-101.9,51.57,PGA,0.0011,0.0018,0.0027,0.0057,0.0109,0.0182,0.0289,0.0334,0.0535,0.0828,156,Kamsack,SK
-109.17,51.47,PGA,0.0014,0.0022,0.0032,0.0064,0.0116,0.0191,0.0302,0.0348,0.0546,0.082,157,Kindersley,SK
-110,53.28,PGA,0.0013,0.0021,0.0031,0.0059,0.0107,0.0179,0.0287,0.0332,0.0533,0.0822,158,Lloydminster,SK
-109.48,49.92,PGA,0.0016,0.0026,0.0036,0.0076,0.0139,0.023,0.0356,0.0405,0.0609,0.0879,159,Maple Creek,SK
-108.43,54.13,PGA,0.0012,0.0019,0.0027,0.0053,0.0097,0.0166,0.0275,0.0322,0.053,0.0818,160,Meadow Lake,SK
-104.62,52.87,PGA,0.0012,0.0019,0.0027,0.0054,0.01,0.0168,0.0274,0.0319,0.0526,0.082,161,Melfort,SK
-102.8,50.92,PGA,0.0012,0.0022,0.0033,0.0072,0.0137,0.0228,0.0351,0.0399,0.0599,0.0871,162,Melville,SK
-105.53,50.4,PGA,0.0014,0.0027,0.0041,0.0106,0.02,0.0337,0.0509,0.0574,0.082,0.1123,163,Moose Jaw,SK
-104,53.37,PGA,0.0012,0.0018,0.0026,0.0052,0.0095,0.0163,0.027,0.0316,0.0524,0.0822,164,Nipawin,SK
-108.28,52.78,PGA,0.0013,0.002,0.0029,0.0056,0.0102,0.017,0.0278,0.0324,0.0528,0.0814,165,North Battleford,SK
-105.77,53.2,PGA,0.0012,0.0019,0.0027,0.0054,0.0098,0.0165,0.0272,0.0318,0.0525,0.0818,166,Prince Albert,SK
-103.88,50.55,PGA,0.0013,0.0025,0.0038,0.0096,0.0183,0.0309,0.0473,0.0533,0.0775,0.1072,167,Qu'Appelle,SK
-104.62,50.45,PGA,0.0014,0.0027,0.0041,0.0107,0.0207,0.0353,0.0541,0.0613,0.088,0.1213,168,Regina,SK
-108,51.55,PGA,0.0013,0.0022,0.0032,0.0062,0.0114,0.0186,0.0292,0.0337,0.0533,0.0812,169,Rosetown,SK
-106.63,52.12,PGA,0.0013,0.002,0.003,0.0059,0.0109,0.0179,0.0285,0.033,0.0531,0.0816,170,Saskatoon,SK
-108.83,52.37,PGA,0.0013,0.0021,0.003,0.0058,0.0106,0.0175,0.0282,0.0327,0.0527,0.0808,171,Scott,SK
-104.95,51.07,PGA,0.0014,0.0024,0.0036,0.008,0.0149,0.0248,0.0379,0.043,0.0633,0.0901,172,Strasbourg,SK
-107.8,50.28,PGA,0.0014,0.0025,0.0037,0.0079,0.0146,0.0237,0.0358,0.0404,0.0594,0.0852,173,Swift Current,SK
-108.62,59.57,PGA,0.0008,0.0012,0.0018,0.0043,0.0085,0.0155,0.0264,0.0311,0.0519,0.0815,174,Uranium City,SK
-103.85,49.67,PGA,0.0013,0.0028,0.0047,0.015,0.0327,0.0614,0.1021,0.118,0.1866,0.2829,175,Weyburn,SK
-102.47,51.22,PGA,0.0011,0.0019,0.003,0.0064,0.0122,0.0203,0.0317,0.0362,0.0559,0.0841,176,Yorkton,SK
-96.517,50.067,PGA,0.0007,0.0012,0.0018,0.0045,0.009,0.0164,0.0277,0.0324,0.0534,0.0835,177,Beausejour,MB
-100.05,49.233,PGA,0.0008,0.0015,0.0023,0.0054,0.0108,0.0183,0.0292,0.0336,0.0538,0.0828,178,Boissevain,MB
-99.95,49.833,PGA,0.0006,0.001,0.0016,0.0041,0.0083,0.0155,0.0266,0.0314,0.0526,0.0828,179,Brandon,MB
-94.12,58.75,PGA,0.0009,0.0014,0.002,0.0046,0.0088,0.0158,0.0263,0.0308,0.0512,0.0829,180,Churchill,MB
-100.05,51.15,PGA,0.001,0.0015,0.0023,0.0052,0.0099,0.0169,0.0274,0.0319,0.0525,0.0827,181,Dauphin,MB
-101.88,54.77,PGA,0.001,0.0015,0.0022,0.0048,0.009,0.0158,0.0266,0.0312,0.0522,0.0827,182,Flin Flon,MB
-96.99,50.64,PGA,0.0007,0.0012,0.0018,0.0045,0.0089,0.0162,0.0271,0.0318,0.0528,0.0834,183,Gimli,MB
-94.667,53.867,PGA,0.0009,0.0014,0.002,0.0046,0.0089,0.016,0.0266,0.0311,0.0519,0.0834,184,Island Lake,MB
-96.06,50.27,PGA,0.0007,0.0012,0.0018,0.0046,0.0093,0.0168,0.028,0.0327,0.0538,0.084,185,Lac du Bonnet,MB
-101.05,56.85,PGA,0.0008,0.0013,0.0019,0.0044,0.0086,0.0156,0.0264,0.031,0.052,0.083,186,Lynn Lake,MB
-98.1,49.183,PGA,0.0006,0.001,0.0015,0.0039,0.008,0.0151,0.0263,0.031,0.0523,0.0827,187,Morden,MB
-99.467,50.233,PGA,0.0007,0.0011,0.0017,0.0042,0.0084,0.0156,0.0267,0.0314,0.0526,0.083,188,Neepawa,MB
-96.217,50.567,PGA,0.0007,0.0012,0.0019,0.0046,0.0092,0.0166,0.0277,0.0324,0.0535,0.0838,189,Pine Falls,MB
-98.29,50,PGA,0.0007,0.0011,0.0017,0.0042,0.0085,0.0157,0.0267,0.0314,0.0526,0.0831,190,Portage la Prairie,MB
-100.233,50.033,PGA,0.0009,0.0016,0.0025,0.0056,0.0109,0.0183,0.0291,0.0335,0.0536,0.0829,191,Rivers,MB
-96.3,49.36,PGA,0.0007,0.0011,0.0016,0.0043,0.0087,0.0161,0.0274,0.0321,0.0533,0.0832,192,Sandilands,MB
-96.867,50.15,PGA,0.0007,0.0012,0.0018,0.0044,0.0088,0.0161,0.0272,0.0319,0.053,0.0833,193,Selkirk,MB
-96.1,56.25,PGA,0.0008,0.0013,0.0019,0.0044,0.0087,0.0157,0.0264,0.0309,0.0517,0.0833,194,Split Lake,MB
-96.683,49.533,PGA,0.0007,0.0011,0.0017,0.0042,0.0086,0.016,0.0272,0.0319,0.0531,0.0832,195,Steinbach,MB
-101.27,52.14,PGA,0.001,0.0016,0.0024,0.0052,0.0098,0.0167,0.0273,0.0318,0.0525,0.0826,196,Swan River,MB
-101.25,53.87,PGA,0.001,0.0016,0.0023,0.0048,0.0091,0.0159,0.0266,0.0312,0.0522,0.0828,197,The Pas,MB
-97.86,55.79,PGA,0.0008,0.0013,0.0019,0.0044,0.0087,0.0157,0.0265,0.031,0.0521,0.0835,198,Thompson,MB
-100.93,49.86,PGA,0.0009,0.0017,0.0027,0.0063,0.0123,0.0205,0.032,0.0365,0.0562,0.0843,199,Virden,MB
-97.15,49.89,PGA,0.0007,0.0011,0.0017,0.0043,0.0087,0.016,0.027,0.0317,0.0529,0.0831,200,Winnipeg,MB
-81.55,43.13,PGA,0.0036,0.0051,0.0068,0.0132,0.0216,0.0337,0.0496,0.0556,0.0804,0.1144,201,Ailsa Craig,ON
-79.03,43.85,PGA,0.0056,0.0081,0.0111,0.0223,0.0406,0.0709,0.1157,0.1339,0.2132,0.33,202,Ajax,ON
-74.63,45.32,PGA,0.0214,0.0308,0.041,0.0793,0.1362,0.22,0.3324,0.3751,0.5474,0.7724,203,Alexandria,ON
-79.87,44.15,PGA,0.0047,0.0067,0.009,0.0167,0.0271,0.0416,0.0597,0.0663,0.0923,0.1256,204,Alliston,ON
-76.2,45.23,PGA,0.0145,0.0198,0.0254,0.0458,0.0758,0.1221,0.1886,0.2152,0.3294,0.4909,205,Almonte,ON
-89.03,50.3,PGA,0.001,0.0016,0.0024,0.0055,0.011,0.0196,0.0326,0.0378,0.0607,0.0923,206,Armstrong,ON
-76.35,45.43,PGA,0.0148,0.0203,0.0262,0.0477,0.0805,0.1322,0.2075,0.238,0.3656,0.5435,207,Arnprior,ON
-91.62,48.75,PGA,0.0006,0.0011,0.0017,0.0048,0.0107,0.0205,0.0352,0.0413,0.0677,0.107,208,Atikokan,ON
-79.47,44,PGA,0.0051,0.0074,0.01,0.0192,0.0324,0.0513,0.0761,0.085,0.1211,0.1678,209,Aurora,ON
-77.85,45.05,PGA,0.0087,0.0119,0.015,0.0256,0.0395,0.0585,0.0818,0.0901,0.1226,0.1634,210,Bancroft,ON
-79.67,44.4,PGA,0.005,0.007,0.0094,0.0169,0.0269,0.0405,0.0572,0.0633,0.0868,0.1167,211,Barrie,ON
-76.47,44.23,PGA,0.0096,0.0129,0.0162,0.0274,0.0426,0.0631,0.0885,0.098,0.1356,0.1871,212,Barriefield,ON
-79.15,44.43,PGA,0.0057,0.008,0.0106,0.0187,0.0296,0.0444,0.0626,0.0691,0.0944,0.1264,213,Beaverton,ON
-77.383,44.167,PGA,0.0076,0.0106,0.0135,0.0236,0.0378,0.0588,0.0882,0.0999,0.1524,0.2348,214,Belleville,ON
-81.08,42.88,PGA,0.0039,0.0057,0.0078,0.0154,0.0258,0.0413,0.062,0.0698,0.1026,0.1488,215,Belmont,ON
-90,53.83,PGA,0.001,0.0015,0.0022,0.0048,0.0092,0.0163,0.027,0.0316,0.0524,0.0838,216,Kitchenuhmaykoosib,ON
-79.88,44.27,PGA,0.0048,0.0067,0.0089,0.0164,0.0263,0.0398,0.0567,0.0629,0.0868,0.1176,217,CFB Borden,ON
-79.3,45.03,PGA,0.0059,0.0082,0.0108,0.0188,0.0295,0.0439,0.0615,0.0677,0.0918,0.1223,218,Bracebridge,ON
-79.57,44.12,PGA,0.005,0.0072,0.0097,0.0181,0.0297,0.0459,0.0664,0.074,0.1036,0.1414,219,Bradford,ON
-79.77,43.68,PGA,0.0047,0.007,0.0096,0.0197,0.0355,0.0601,0.0933,0.106,0.1564,0.2224,220,Brampton,ON
-80.27,43.13,PGA,0.0043,0.0063,0.0088,0.0181,0.0322,0.0543,0.0851,0.0971,0.1468,0.2146,221,Brantford,ON
-77.73,44.03,PGA,0.0069,0.0097,0.0126,0.0228,0.0377,0.0609,0.0946,0.1084,0.1713,0.2695,222,Brighton,ON
-75.68,44.59,PGA,0.0135,0.0185,0.0238,0.0426,0.0682,0.1035,0.1474,0.1635,0.2276,0.3108,223,Brockville,ON
-79.4,45.62,PGA,0.0065,0.0094,0.0123,0.022,0.0354,0.054,0.0774,0.0856,0.1181,0.1593,224,Burk's Falls,ON
-79.8,43.32,PGA,0.0046,0.0069,0.0098,0.0214,0.0432,0.0833,0.146,0.1716,0.2823,0.4383,225,Burlington,ON
-80.32,43.38,PGA,0.0043,0.0062,0.0086,0.0173,0.0302,0.0499,0.0772,0.0875,0.1303,0.1883,226,Cambridge,ON
-77.8,44.3,PGA,0.0071,0.0101,0.0129,0.0227,0.0361,0.0547,0.0786,0.0874,0.1234,0.1725,227,Campbellford,ON
-79.03,44.35,PGA,0.0058,0.0082,0.0108,0.0192,0.0307,0.0463,0.0656,0.0726,0.0998,0.134,228,Cannington,ON
-76.15,45.13,PGA,0.0142,0.0194,0.0249,0.0443,0.0722,0.1135,0.1701,0.1921,0.2848,0.4145,229,Carleton Place,ON
-78.47,44.2,PGA,0.0063,0.009,0.0118,0.0213,0.0346,0.0532,0.077,0.0856,0.1205,0.1662,230,Cavan,ON
-81.47,43.28,PGA,0.0037,0.0051,0.0067,0.013,0.0211,0.0328,0.0479,0.0536,0.0769,0.1084,231,Centralia,ON
-83.4,47.83,PGA,0.0024,0.0035,0.0045,0.0088,0.0148,0.0236,0.0359,0.0408,0.0612,0.0883,232,Chapleau,ON
-82.18,42.4,PGA,0.0035,0.0051,0.007,0.0144,0.0244,0.0393,0.06,0.068,0.1017,0.1495,233,Chatham,ON
-81.08,44.28,PGA,0.0038,0.0052,0.0067,0.0125,0.0199,0.03,0.0426,0.0471,0.0659,0.0911,234,Chesley,ON
-81.53,43.62,PGA,0.0036,0.0049,0.0064,0.0121,0.0196,0.03,0.0433,0.0482,0.0684,0.096,235,Clinton,ON
-78.8,44.65,PGA,0.0063,0.0088,0.0114,0.0197,0.0309,0.0457,0.0637,0.0701,0.0948,0.1256,236,Coboconk,ON
-78.17,43.97,PGA,0.0064,0.0092,0.0121,0.0226,0.0384,0.063,0.0984,0.1127,0.1758,0.2712,237,Cobourg,ON
-81.02,49.07,PGA,0.0035,0.0053,0.0073,0.0168,0.0356,0.0709,0.1237,0.1448,0.2324,0.3514,238,Cochrane,ON
-77.88,44,PGA,0.0067,0.0095,0.0124,0.0227,0.0379,0.0617,0.0964,0.1106,0.1744,0.2731,239,Colborne,ON
-80.22,44.48,PGA,0.0045,0.0062,0.0082,0.0149,0.0237,0.0355,0.05,0.0553,0.0762,0.103,240,Collingwood,ON
-74.73,45.03,PGA,0.0201,0.0292,0.0393,0.0777,0.1349,0.2191,0.3319,0.3743,0.5457,0.7693,241,Cornwall,ON
-82.43,42.88,PGA,0.0034,0.0047,0.0062,0.0119,0.0195,0.0303,0.0448,0.0503,0.0736,0.1058,242,Corunna,ON
-77.5,46.1,PGA,0.0136,0.019,0.025,0.0477,0.0832,0.1389,0.2183,0.2499,0.382,0.5628,243,Deep River,ON
-77.05,44.2,PGA,0.0081,0.0112,0.0142,0.0246,0.0387,0.0589,0.0857,0.0962,0.1419,0.214,244,Deseronto,ON
-81.07,42.98,PGA,0.0039,0.0056,0.0076,0.015,0.0251,0.0399,0.0597,0.0673,0.0987,0.1432,245,Dorchester,ON
-88.53,48.78,PGA,0.0008,0.0013,0.002,0.0049,0.0098,0.0177,0.0297,0.0346,0.0563,0.0858,246,Dorion,ON
-82.18,42.58,PGA,0.0036,0.0051,0.0069,0.0137,0.0227,0.0362,0.0547,0.062,0.0926,0.1367,247,Dresden,ON
-92.75,49.78,PGA,0.0007,0.0013,0.002,0.0055,0.0119,0.0222,0.0373,0.0435,0.07,0.1092,248,Dryden,ON
-79.62,42.9,PGA,0.0046,0.007,0.01,0.0221,0.0432,0.0783,0.1287,0.1485,0.2318,0.3465,249,Dunnville,ON
-80.82,44.17,PGA,0.004,0.0054,0.0071,0.0133,0.0212,0.0321,0.0457,0.0507,0.0708,0.0973,250,Durham,ON
-81.5,42.67,PGA,0.0038,0.0055,0.0075,0.0152,0.0257,0.0413,0.0625,0.0706,0.1044,0.152,251,Dutton,ON
-79.82,47.72,PGA,0.006,0.0089,0.012,0.0231,0.0401,0.0658,0.1005,0.1138,0.1694,0.2484,252,Earlton,ON
-93.55,49.8,PGA,0.0007,0.0013,0.002,0.0053,0.0114,0.0213,0.0361,0.0422,0.0686,0.1079,253,Edison,ON
-79.87,44.58,PGA,0.0049,0.0068,0.0089,0.0161,0.0254,0.0379,0.0532,0.0589,0.0804,0.1079,254,Elmvale,ON
-80.9,43.15,PGA,0.004,0.0057,0.0077,0.0151,0.0251,0.0398,0.0593,0.0667,0.0972,0.1398,255,Embro,ON
-79.87,47.82,PGA,0.0058,0.0085,0.0114,0.0219,0.0379,0.0625,0.096,0.109,0.1637,0.2424,256,Englehart,ON
-81.77,46.25,PGA,0.0036,0.0049,0.0064,0.0122,0.0198,0.0305,0.0443,0.0494,0.0702,0.0977,257,Espanola,ON
-81.48,43.35,PGA,0.0036,0.005,0.0067,0.0128,0.0208,0.0321,0.0468,0.0523,0.0748,0.1052,258,Exeter,ON
-78.75,44.53,PGA,0.0062,0.0088,0.0114,0.0199,0.0312,0.0463,0.0649,0.0715,0.0969,0.129,259,Fenelon Falls,ON
-80.37,43.7,PGA,0.0043,0.0061,0.0082,0.016,0.0267,0.042,0.0618,0.0691,0.0985,0.1367,260,Fergus,ON
-82,43.1,PGA,0.0035,0.0048,0.0063,0.0122,0.0199,0.0308,0.0453,0.0507,0.0734,0.1046,261,Forest,ON
-78.93,42.9,PGA,0.005,0.0075,0.0107,0.0255,0.0542,0.1038,0.1743,0.2013,0.3149,0.4664,262,Fort Erie,ON
-79.05,42.88,PGA,0.0049,0.0075,0.0106,0.025,0.0529,0.1015,0.1709,0.1978,0.3112,0.4627,263,Fort Erie (Ridgeway),ON
-93.39,48.61,PGA,0.0006,0.001,0.0016,0.0044,0.0097,0.0187,0.0327,0.0385,0.0641,0.1029,264,Fort Frances,ON
-76.17,44.33,PGA,0.0107,0.0143,0.018,0.0308,0.0478,0.0711,0.0997,0.1101,0.1515,0.2068,265,Gananoque,ON
-86.95,49.73,PGA,0.001,0.0016,0.0024,0.0052,0.01,0.0173,0.0285,0.0332,0.054,0.0835,266,Geraldton,ON
-81.72,42.75,PGA,0.0037,0.0053,0.0071,0.0142,0.0237,0.0376,0.0568,0.0642,0.0953,0.1397,267,Glencoe,ON
-81.72,43.75,PGA,0.0035,0.0047,0.0061,0.0115,0.0185,0.0281,0.0405,0.0452,0.0642,0.0904,268,Goderich,ON
-82.47,45.92,PGA,0.0032,0.0042,0.0054,0.0102,0.0163,0.0249,0.0361,0.0403,0.058,0.083,269,Gore Bay,ON
-90.57,49.25,PGA,0.0008,0.0013,0.0021,0.0054,0.0116,0.0216,0.0366,0.0427,0.0693,0.1087,270,Graham,ON
-79.37,44.92,PGA,0.0057,0.0079,0.0104,0.0182,0.0285,0.0425,0.0592,0.0653,0.0884,0.1178,271,Gravenhurst (Muskoka Airport),ON
-79.57,43.2,PGA,0.0047,0.0072,0.0103,0.0239,0.0506,0.0982,0.1675,0.1946,0.3087,0.4606,272,Grimsby,ON
-80.25,43.55,PGA,0.0044,0.0063,0.0086,0.0172,0.0296,0.0481,0.0729,0.0821,0.1194,0.1686,273,Guelph,ON
-79.55,44.47,PGA,0.0052,0.0072,0.0096,0.0172,0.0273,0.041,0.0576,0.0637,0.087,0.1166,274,Guthrie,ON
-79.63,47.45,PGA,0.0069,0.0104,0.0142,0.0282,0.0494,0.081,0.1221,0.1379,0.2001,0.2842,275,Haileybury,ON
-79.93,43.07,PGA,0.0044,0.0067,0.0095,0.0204,0.0392,0.0712,0.1186,0.138,0.2192,0.3342,276,Haldimand (Caledonia),ON
-80.05,42.97,PGA,0.0043,0.0065,0.0093,0.0194,0.0355,0.0609,0.0952,0.1084,0.1618,0.2331,277,Haldimand (Hagersville),ON
-78.52,45.05,PGA,0.0073,0.0103,0.013,0.0223,0.0345,0.051,0.0713,0.0786,0.1064,0.141,278,Haliburton,ON
-79.92,43.65,PGA,0.0046,0.0067,0.0093,0.0188,0.0335,0.0557,0.0856,0.0969,0.1422,0.2009,279,Halton Hills (Georgetown),ON
-79.86,43.25,PGA,0.0046,0.0068,0.0097,0.021,0.042,0.0808,0.1426,0.1681,0.2789,0.4355,280,Hamilton,ON
-81.03,44.15,PGA,0.0038,0.0052,0.0068,0.0127,0.0203,0.0307,0.0438,0.0485,0.0679,0.0938,281,Hanover,ON
-77.95,44.3,PGA,0.007,0.0098,0.0126,0.0223,0.0355,0.0537,0.077,0.0854,0.1197,0.1661,282,Hastings,ON
-74.62,45.6,PGA,0.0215,0.0306,0.0403,0.0758,0.1257,0.1972,0.2905,0.3253,0.4662,0.6508,283,Hawkesbury,ON
-83.67,49.68,PGA,0.002,0.0031,0.0041,0.0083,0.0146,0.0241,0.0376,0.043,0.0654,0.0951,284,Hearst,ON
-79.82,44.87,PGA,0.0051,0.007,0.0093,0.0165,0.026,0.0386,0.054,0.0597,0.0813,0.109,285,Honey Harbour,ON
-84.78,49.22,PGA,0.0018,0.0027,0.0036,0.0069,0.0123,0.0202,0.0318,0.0366,0.0572,0.0858,286,Hornepayne,ON
-79.22,45.33,PGA,0.0063,0.009,0.0117,0.0206,0.0327,0.049,0.0693,0.0767,0.1047,0.1401,287,Huntsville,ON
-80.88,43.03,PGA,0.004,0.0057,0.0079,0.0155,0.026,0.0414,0.0619,0.0697,0.1021,0.1476,288,Ingersoll,ON
-80.68,48.77,PGA,0.0042,0.006,0.0083,0.0173,0.0332,0.0623,0.1079,0.1264,0.2062,0.3196,289,Iroquois Falls,ON
-87.52,49.68,PGA,0.001,0.0016,0.0023,0.0051,0.01,0.0174,0.0287,0.0334,0.0543,0.0838,290,Jellicoe,ON
-82.43,49.42,PGA,0.0025,0.0038,0.0052,0.0119,0.0223,0.0387,0.0614,0.0699,0.1043,0.1483,291,Kapuskasing,ON
-75.64,45.02,PGA,0.016,0.0224,0.0294,0.0556,0.0954,0.1563,0.2419,0.2748,0.4131,0.6004,292,Kemptville,ON
-94.43,49.82,PGA,0.0007,0.0012,0.0019,0.005,0.0106,0.0194,0.0329,0.0383,0.0624,0.0967,293,Kenora,ON
-77.42,45.55,PGA,0.0117,0.0159,0.0204,0.0367,0.0608,0.0972,0.1478,0.1675,0.2497,0.3616,294,Killaloe,ON
-81.63,44.18,PGA,0.0035,0.0047,0.006,0.0113,0.018,0.0271,0.0386,0.043,0.0607,0.0855,295,Kincardine,ON
-76.48,44.23,PGA,0.0096,0.0129,0.0161,0.0274,0.0425,0.063,0.0884,0.0978,0.1354,0.1869,296,Kingston,ON
-78.65,44.78,PGA,0.0066,0.0093,0.0119,0.0205,0.0319,0.0471,0.0655,0.0721,0.0973,0.1287,297,Kinmount,ON
-80.03,48.15,PGA,0.0052,0.0074,0.0101,0.0193,0.0334,0.0553,0.0865,0.099,0.153,0.2327,298,Kirkland Lake,ON
-80.48,43.45,PGA,0.0042,0.006,0.0082,0.0162,0.0274,0.0439,0.0658,0.074,0.1074,0.1517,299,Kitchener,ON
-78.27,44.43,PGA,0.0067,0.0095,0.0122,0.0213,0.0335,0.05,0.0703,0.0776,0.106,0.1423,300,Lakefield,ON
-87.88,52.23,PGA,0.0011,0.0017,0.0024,0.0051,0.0098,0.0171,0.0281,0.0328,0.054,0.0847,301,Lansdowne House,ON
-82.57,42.08,PGA,0.0033,0.0049,0.0069,0.0145,0.0247,0.0398,0.0607,0.0687,0.1031,0.1527,302,Leamington,ON
-78.73,44.35,PGA,0.0061,0.0086,0.0113,0.0201,0.0321,0.0482,0.0683,0.0757,0.1039,0.1396,303,Lindsay,ON
-81.25,44.98,PGA,0.0038,0.0051,0.0066,0.0122,0.0193,0.0289,0.0409,0.0454,0.0635,0.0885,304,Lion's Head,ON
-80.95,43.73,PGA,0.0039,0.0054,0.0071,0.0136,0.022,0.0338,0.0487,0.0543,0.0769,0.1065,305,Listowel,ON
-81.23,42.98,PGA,0.0038,0.0054,0.0074,0.0145,0.0242,0.0383,0.0572,0.0645,0.0945,0.1373,306,London,ON
-81.4,43.18,PGA,0.0037,0.0052,0.0069,0.0134,0.022,0.0343,0.0505,0.0566,0.0817,0.116,307,Lucan,ON
-75.62,44.63,PGA,0.0139,0.0192,0.0249,0.045,0.0731,0.1117,0.1607,0.1789,0.2504,0.3429,308,Maitland,ON
-80.65,44.32,PGA,0.0041,0.0056,0.0074,0.0137,0.0217,0.0327,0.0464,0.0514,0.0714,0.0976,309,Markdale,ON
-79.27,43.87,PGA,0.0054,0.0078,0.0107,0.0211,0.0378,0.0641,0.1012,0.1153,0.1753,0.2568,310,Markham,ON
-91.13,49.25,PGA,0.0007,0.0012,0.0019,0.0052,0.0115,0.0217,0.0369,0.0431,0.0698,0.109,311,Martin,ON
-80.47,48.53,PGA,0.0045,0.0065,0.0088,0.0176,0.0315,0.0542,0.0875,0.1009,0.1588,0.2428,312,Matheson,ON
-78.7,46.32,PGA,0.0105,0.0162,0.023,0.0515,0.0967,0.1635,0.2516,0.2845,0.4171,0.589,313,Mattawa,ON
-79.88,44.75,PGA,0.0049,0.0068,0.009,0.0161,0.0254,0.0378,0.0529,0.0585,0.0798,0.107,314,Midland,ON
-79.88,43.52,PGA,0.0046,0.0068,0.0095,0.0199,0.0371,0.0655,0.106,0.1216,0.1873,0.2767,315,Milton,ON
-80.92,43.57,PGA,0.0039,0.0055,0.0073,0.014,0.0229,0.0354,0.0514,0.0575,0.0816,0.1136,316,Milverton,ON
-78.73,44.92,PGA,0.0067,0.0094,0.012,0.0206,0.0322,0.0475,0.0662,0.0729,0.0984,0.1302,317,Minden,ON
-79.65,43.58,PGA,0.0048,0.0072,0.01,0.0214,0.0408,0.0738,0.1217,0.1409,0.2213,0.3339,318,Mississauga,ON
-79.58,43.55,PGA,0.0049,0.0073,0.0102,0.0222,0.0436,0.0807,0.1367,0.1589,0.2557,0.3928,319,Mississauga Port Credit,ON
-81.2,43.47,PGA,0.0038,0.0053,0.007,0.0133,0.0217,0.0334,0.0486,0.0542,0.0772,0.1079,320,Mitchell,ON
-80.72,51.32,PGA,0.0022,0.0034,0.0045,0.0091,0.0161,0.0268,0.0424,0.0484,0.0743,0.1092,321,Moosonee,ON
-75.18,44.9,PGA,0.0176,0.0254,0.0342,0.069,0.1227,0.2042,0.3154,0.3569,0.5267,0.7483,322,Morrisburg,ON
-80.73,43.98,PGA,0.004,0.0056,0.0073,0.0139,0.0223,0.034,0.0487,0.0542,0.076,0.1046,323,Mount Forest,ON
-86.7,50.17,PGA,0.0011,0.0017,0.0025,0.0052,0.01,0.0173,0.0284,0.033,0.0539,0.0835,324,Nakina,ON
-80.1,42.88,PGA,0.0043,0.0065,0.0092,0.0191,0.0339,0.0563,0.0862,0.0976,0.1433,0.2036,325,Nanticoke (Jarvis),ON
-80.2,42.78,PGA,0.0042,0.0064,0.0091,0.0185,0.0322,0.0524,0.0792,0.0892,0.1299,0.1843,326,Nanticoke (Port Dover),ON
-76.95,44.25,PGA,0.0087,0.0118,0.0148,0.0253,0.0395,0.0594,0.0851,0.0948,0.1358,0.1961,327,Napanee,ON
-79.67,47.5,PGA,0.0067,0.0101,0.0137,0.027,0.0471,0.0773,0.1167,0.1317,0.1921,0.2741,328,New Liskeard,ON
-78.58,43.92,PGA,0.006,0.0087,0.0117,0.0226,0.0394,0.0657,0.103,0.1176,0.1811,0.2734,329,Newcastle,ON
-78.68,43.91,PGA,0.0059,0.0086,0.0115,0.0226,0.0397,0.0666,0.1045,0.1193,0.1833,0.275,330,Bowmanville,ON
-79.47,44.05,PGA,0.0051,0.0073,0.01,0.0189,0.0315,0.0494,0.0724,0.0809,0.1144,0.1574,331,Newmarket,ON
-79.07,43.1,PGA,0.0051,0.0078,0.0111,0.0271,0.0575,0.1082,0.1798,0.2068,0.3201,0.4704,332,Niagara Falls,ON
-79.47,46.32,PGA,0.0079,0.012,0.0165,0.0335,0.0584,0.0938,0.1391,0.1551,0.219,0.2993,333,North Bay,ON
-77.98,44.38,PGA,0.007,0.0099,0.0127,0.0222,0.035,0.0523,0.0741,0.0819,0.113,0.1538,334,Norwood,ON
-79.68,43.45,PGA,0.0048,0.0071,0.01,0.022,0.044,0.0832,0.1431,0.1672,0.2721,0.4215,335,Oakville,ON
-80.1,43.92,PGA,0.0045,0.0064,0.0087,0.0165,0.0273,0.0425,0.062,0.0692,0.0976,0.1342,336,Orangeville,ON
-79.42,44.62,PGA,0.0054,0.0075,0.01,0.0176,0.0277,0.0414,0.0578,0.0638,0.0866,0.1155,337,Orillia,ON
-78.85,43.9,PGA,0.0058,0.0084,0.0113,0.0223,0.0397,0.0674,0.1068,0.1222,0.1881,0.2815,338,Oshawa,ON
-75.69,45.42,PGA,0.0179,0.025,0.0327,0.0607,0.1016,0.1628,0.2474,0.2801,0.4172,0.6035,339,Ottawa (city hall),ON
-80.93,44.57,PGA,0.004,0.0054,0.007,0.0128,0.0203,0.0304,0.043,0.0475,0.066,0.0909,340,Owen Sound,ON
-85.22,50.02,PGA,0.0014,0.0022,0.0032,0.0063,0.0114,0.019,0.0303,0.035,0.0556,0.0848,341,Pagwa River,ON
-80.38,43.2,PGA,0.0042,0.0062,0.0086,0.0173,0.0303,0.05,0.0773,0.0876,0.1307,0.1896,342,Paris,ON
-81.68,43.15,PGA,0.0036,0.005,0.0066,0.0128,0.0209,0.0325,0.0477,0.0534,0.0772,0.1095,343,Parkhill,ON
-80.03,45.35,PGA,0.0052,0.0072,0.0095,0.017,0.027,0.0406,0.0575,0.0637,0.0877,0.1189,344,Parry Sound,ON
-79.28,43.03,PGA,0.0049,0.0075,0.0107,0.0256,0.0541,0.1034,0.1735,0.2005,0.3145,0.4669,345,Pelham (Fonthill),ON
-77.12,45.82,PGA,0.0138,0.0191,0.0248,0.0464,0.0802,0.1342,0.2122,0.2436,0.3747,0.5552,346,Pembroke,ON
-79.92,44.78,PGA,0.0049,0.0068,0.009,0.016,0.0252,0.0375,0.0526,0.0581,0.0793,0.1064,347,Penetanguishene,ON
-76.25,44.9,PGA,0.0127,0.0172,0.0218,0.0376,0.0593,0.0888,0.1264,0.1405,0.1959,0.269,348,Perth,ON
-77.33,45.9,PGA,0.0134,0.0186,0.0243,0.0459,0.0799,0.134,0.2119,0.2433,0.3742,0.555,349,Petawawa,ON
-78.32,44.3,PGA,0.0066,0.0093,0.012,0.0214,0.0341,0.0515,0.0735,0.0814,0.1128,0.1537,350,Peterborough,ON
-82.15,42.87,PGA,0.0035,0.0049,0.0065,0.0126,0.0206,0.0323,0.048,0.054,0.0791,0.1141,351,Petrolia,ON
-79.1,43.82,PGA,0.0055,0.008,0.011,0.0224,0.0412,0.073,0.1207,0.1404,0.2269,0.3549,352,Pickering (Dunbarton),ON
-77.13,44,PGA,0.0074,0.0104,0.0133,0.0234,0.0374,0.0579,0.0863,0.0976,0.1486,0.2296,353,Picton,ON
-80.62,43.3,PGA,0.0041,0.0059,0.0081,0.0158,0.0268,0.0428,0.0641,0.0721,0.1051,0.1502,354,Plattsville,ON
-77.57,46.13,PGA,0.0135,0.0189,0.0249,0.0478,0.0835,0.1395,0.219,0.2506,0.3827,0.563,355,Point Alexander,ON
-80.82,42.65,PGA,0.004,0.006,0.0084,0.0172,0.0296,0.0477,0.072,0.0812,0.1186,0.1699,356,Port Burwell,ON
-79.23,42.9,PGA,0.0049,0.0074,0.0105,0.0246,0.0512,0.0978,0.1655,0.1921,0.304,0.4553,357,Port Colborne,ON
-81.4,44.43,PGA,0.0036,0.0049,0.0063,0.0117,0.0185,0.0278,0.0395,0.0438,0.0614,0.086,358,Port Elgin,ON
-78.3,43.95,PGA,0.0063,0.009,0.012,0.0226,0.0387,0.064,0.1,0.1144,0.1776,0.2722,359,Port Hope,ON
-78.95,44.1,PGA,0.0058,0.0082,0.011,0.0205,0.0342,0.0538,0.0793,0.0887,0.1261,0.1748,360,Port Perry,ON
-81.22,42.67,PGA,0.0038,0.0057,0.0079,0.016,0.0273,0.044,0.0664,0.075,0.1103,0.1594,361,Port Stanley,ON
-75.52,44.72,PGA,0.0149,0.0208,0.0272,0.0508,0.0852,0.135,0.1996,0.2241,0.3225,0.4515,362,Prescott,ON
-80.53,43.17,PGA,0.0041,0.006,0.0083,0.0166,0.0284,0.0459,0.0696,0.0786,0.1154,0.1664,363,Princeton,ON
-89.93,48.83,PGA,0.0007,0.0012,0.0019,0.005,0.0107,0.0201,0.0344,0.0403,0.0665,0.1059,364,Raith,ON
-81.2,46.58,PGA,0.0043,0.0059,0.0079,0.0148,0.0243,0.0376,0.0545,0.0608,0.0846,0.1145,365,Rayside-Balfour (Chelmsford),ON
-93.82,51.05,PGA,0.0008,0.0014,0.0022,0.0053,0.0112,0.0206,0.035,0.0409,0.0669,0.1061,366,Red Lake,ON
-76.68,45.47,PGA,0.0138,0.0188,0.0242,0.0441,0.0746,0.1236,0.1964,0.2258,0.3514,0.5258,367,Renfrew,ON
-79.45,43.87,PGA,0.0051,0.0074,0.0102,0.0202,0.0356,0.059,0.0902,0.1023,0.1496,0.2111,368,Richmond Hill,ON
-75.29,45.55,PGA,0.0201,0.0285,0.0374,0.0707,0.1196,0.1924,0.2907,0.3278,0.479,0.6779,369,Rockland,ON
-82.38,42.97,PGA,0.0034,0.0047,0.0061,0.0118,0.0192,0.0297,0.0438,0.0492,0.0715,0.1027,370,Sarnia,ON
-84.33,46.52,PGA,0.002,0.003,0.0038,0.0072,0.0126,0.0202,0.0314,0.0359,0.0557,0.0831,371,Sault Ste. Marie,ON
-87.25,48.8,PGA,0.001,0.0015,0.0022,0.005,0.0096,0.017,0.0282,0.0329,0.0537,0.083,372,Schreiber,ON
-81.4,43.55,PGA,0.0036,0.005,0.0066,0.0126,0.0203,0.0312,0.0452,0.0504,0.0717,0.1004,373,Seaforth,ON
-80.3,42.83,PGA,0.0042,0.0063,0.0089,0.0181,0.0315,0.051,0.0772,0.0869,0.1267,0.1804,374,Simcoe,ON
-91.98,50.07,PGA,0.0008,0.0013,0.0021,0.0056,0.0122,0.0226,0.0378,0.044,0.0705,0.1096,375,Sioux Lookout,ON
-76.02,44.9,PGA,0.0137,0.0186,0.0238,0.0418,0.0665,0.1009,0.1448,0.161,0.2266,0.314,376,Smiths Falls,ON
-79.55,43.1,PGA,0.0047,0.0072,0.0103,0.0239,0.05,0.0964,0.1643,0.1911,0.304,0.4552,377,Smithville,ON
-81.63,49.28,PGA,0.0029,0.0044,0.0062,0.0151,0.032,0.063,0.1104,0.1296,0.2107,0.324,378,Smooth Rock Falls,ON
-79.38,45.83,PGA,0.0071,0.0104,0.0136,0.0247,0.0404,0.0626,0.09,0.1003,0.1391,0.1879,379,South River,ON
-81.38,44.48,PGA,0.0036,0.0049,0.0063,0.0117,0.0186,0.0279,0.0395,0.0439,0.0615,0.086,380,Southampton,ON
-79.25,43.17,PGA,0.0051,0.0077,0.0109,0.0265,0.0565,0.1069,0.1784,0.2055,0.3195,0.4719,381,St. Catharines,ON
-81.13,43.25,PGA,0.0038,0.0054,0.0073,0.0141,0.0231,0.0361,0.0531,0.0596,0.0857,0.1214,382,St. Mary's,ON
-81.2,42.78,PGA,0.0038,0.0056,0.0077,0.0154,0.0261,0.0418,0.063,0.0711,0.1048,0.1521,383,St. Thomas,ON
-77.55,44.3,PGA,0.0076,0.0106,0.0135,0.0235,0.0371,0.0563,0.0813,0.0906,0.1291,0.1831,384,Stirling,ON
-80.95,43.37,PGA,0.0039,0.0055,0.0074,0.0144,0.0237,0.0369,0.0541,0.0608,0.0868,0.122,385,Stratford,ON
-81.63,42.95,PGA,0.0036,0.0052,0.0069,0.0136,0.0224,0.0352,0.0524,0.0591,0.0866,0.1254,386,Strathroy,ON
-79.92,46.37,PGA,0.0066,0.01,0.0134,0.0257,0.0436,0.0689,0.1013,0.1127,0.1582,0.2154,387,Sturgeon Falls,ON
-81,46.5,PGA,0.0045,0.0063,0.0084,0.0158,0.0259,0.0402,0.0582,0.0648,0.0905,0.1232,388,Sudbury,ON
-79.4,45.77,PGA,0.007,0.0102,0.0132,0.0238,0.0386,0.0595,0.0855,0.095,0.1315,0.1777,389,Sundridge,ON
-80.83,43.32,PGA,0.004,0.0057,0.0077,0.0149,0.0248,0.039,0.0577,0.0647,0.0933,0.1321,390,Tavistock,ON
-79.78,47.07,PGA,0.0071,0.0109,0.0151,0.0314,0.0555,0.0904,0.1348,0.1508,0.2142,0.2946,391,Temagami,ON
-81,43.07,PGA,0.0039,0.0056,0.0076,0.015,0.025,0.0395,0.059,0.0664,0.0969,0.14,392,Thamesford,ON
-81.85,43.15,PGA,0.0035,0.0049,0.0065,0.0124,0.0202,0.0313,0.0459,0.0514,0.0742,0.1054,393,Thedford,ON
-89.32,48.4,PGA,0.0008,0.0012,0.0019,0.0047,0.0096,0.0178,0.0306,0.0359,0.0597,0.0938,394,Thunder Bay,ON
-80.73,42.85,PGA,0.004,0.0059,0.0083,0.0166,0.0282,0.0452,0.0678,0.0765,0.1118,0.1607,395,Tillsonburg,ON
-81.33,48.47,PGA,0.0037,0.0053,0.0073,0.015,0.0265,0.0442,0.0682,0.0775,0.1145,0.1634,396,Timmins,ON
-81.17,48.5,PGA,0.0038,0.0055,0.0076,0.0157,0.0282,0.0482,0.0769,0.088,0.135,0.1989,397,Timmins (Porcupine),ON
-79.57,43.7,PGA,0.0049,0.0073,0.0101,0.0209,0.0387,0.0673,0.1077,0.1232,0.1876,0.2741,398,Etobicoke,ON
-79.42,43.77,PGA,0.0051,0.0075,0.0103,0.0213,0.039,0.0678,0.1084,0.1243,0.1902,0.2799,399,North York,ON
-79.25,43.78,PGA,0.0054,0.0079,0.0108,0.0221,0.0411,0.0733,0.1211,0.1406,0.2242,0.3449,400,Scarborough,ON
-77.58,44.1,PGA,0.007,0.01,0.0129,0.023,0.0376,0.0595,0.0909,0.1037,0.1616,0.2527,402,Trenton,ON
-79.37,45.98,PGA,0.0075,0.0111,0.0146,0.0272,0.0452,0.0708,0.103,0.1144,0.1598,0.2171,403,Trout Creek,ON
-79.12,44.1,PGA,0.0056,0.008,0.0107,0.02,0.0333,0.0522,0.0768,0.0857,0.1215,0.1678,404,Uxbridge,ON
-79.6,43.78,PGA,0.0049,0.0072,0.01,0.0201,0.0358,0.0601,0.0927,0.1052,0.1546,0.2188,405,Vaughan (Woodbridge),ON
-80.32,42.77,PGA,0.0042,0.0063,0.0089,0.0181,0.0312,0.0505,0.0762,0.0856,0.1247,0.1774,406,Vittoria,ON
-81.15,44.12,PGA,0.0038,0.0051,0.0067,0.0124,0.0198,0.03,0.0429,0.0475,0.0666,0.0923,407,Walkerton,ON
-82.38,42.6,PGA,0.0032,0.0046,0.0063,0.0128,0.0213,0.034,0.0513,0.0581,0.0869,0.1286,408,Wallaceburg,ON
-80.52,43.47,PGA,0.0042,0.006,0.0081,0.0159,0.0268,0.0428,0.0637,0.0715,0.1032,0.1452,409,Waterloo,ON
-81.88,42.95,PGA,0.0036,0.005,0.0066,0.0129,0.0212,0.0333,0.0494,0.0556,0.0811,0.1168,410,Watford,ON
-84.78,47.98,PGA,0.0018,0.0026,0.0036,0.0068,0.0121,0.0198,0.0311,0.0357,0.0558,0.0838,411,Wawa,ON
-79.25,42.98,PGA,0.0049,0.0075,0.0107,0.0254,0.0534,0.1021,0.1717,0.1986,0.312,0.464,412,Welland,ON
-81.6,42.6,PGA,0.0038,0.0055,0.0076,0.0153,0.026,0.0418,0.0634,0.0717,0.1062,0.1544,413,West Lorne,ON
-78.93,43.87,PGA,0.0057,0.0083,0.0112,0.0224,0.0404,0.0699,0.1124,0.1296,0.2032,0.3095,414,Whitby,ON
-78.95,43.95,PGA,0.0057,0.0083,0.0111,0.0216,0.0378,0.063,0.0977,0.1111,0.1673,0.2448,415,Whitby (Brooklin),ON
-85.28,48.6,PGA,0.0015,0.0023,0.0032,0.0063,0.0115,0.019,0.0303,0.0349,0.0552,0.0838,416,White River,ON
-81.15,44.75,PGA,0.0038,0.0052,0.0067,0.0123,0.0194,0.0291,0.0411,0.0456,0.0636,0.0882,417,Wiarton,ON
-83.02,42.3,PGA,0.0031,0.0045,0.0061,0.0125,0.0209,0.0332,0.05,0.0567,0.0853,0.1281,418,Windsor,ON
-81.32,43.88,PGA,0.0037,0.005,0.0066,0.0123,0.0197,0.03,0.043,0.0478,0.0674,0.0939,419,Wingham,ON
-80.75,43.13,PGA,0.004,0.0058,0.008,0.0157,0.0264,0.0422,0.0632,0.0711,0.1041,0.1499,420,Woodstock,ON
-82.12,42.95,PGA,0.0035,0.0048,0.0064,0.0124,0.0202,0.0316,0.0467,0.0524,0.0764,0.1097,421,Wyoming,ON
-72.57,45.65,PGA,0.0154,0.0203,0.0254,0.0429,0.0666,0.1001,0.143,0.1589,0.2227,0.3058,422,Acton-Vale,QC
-71.65,48.55,PGA,0.022,0.0323,0.0442,0.0913,0.166,0.2797,0.4309,0.485,0.7069,0.9792,423,Alma,QC
-78.12,48.57,PGA,0.006,0.0081,0.0105,0.0178,0.0277,0.0413,0.058,0.0641,0.0874,0.116,424,Amos,QC
-71.93,45.77,PGA,0.0146,0.019,0.0234,0.0375,0.0559,0.0806,0.1113,0.1225,0.1667,0.223,425,Asbestos,QC
-75.83,45.4,PGA,0.0171,0.0237,0.0309,0.0567,0.0948,0.1527,0.2336,0.2652,0.3987,0.582,426,Aylmer,QC
-68.15,49.22,PGA,0.0155,0.0214,0.0278,0.0518,0.0899,0.1512,0.2399,0.2743,0.4188,0.6116,427,Baie-Comeau,QC
-71.18,46.87,PGA,0.0258,0.0351,0.0449,0.0792,0.1271,0.1969,0.2912,0.3272,0.4745,0.6705,428,Beauport,QC
-72.98,45.12,PGA,0.0161,0.022,0.0283,0.0511,0.0846,0.1345,0.2017,0.2276,0.3342,0.4792,429,Bedford,QC
-73.2,45.57,PGA,0.0176,0.0245,0.0321,0.0622,0.1105,0.1868,0.2928,0.3329,0.4972,0.7132,430,Beloeil,QC
-72.57,45.2,PGA,0.0147,0.0196,0.0246,0.0413,0.0638,0.0947,0.1332,0.1472,0.202,0.2712,431,Brome,QC
-73.47,45.45,PGA,0.0188,0.0268,0.0359,0.0721,0.1285,0.2142,0.3296,0.3729,0.5479,0.774,432,Brossard,QC
-75.42,45.58,PGA,0.0197,0.0277,0.0363,0.0683,0.115,0.185,0.2799,0.3164,0.4642,0.6603,433,Buckingham,QC
-76.6,45.73,PGA,0.0152,0.021,0.0272,0.0498,0.0843,0.1387,0.2168,0.2481,0.3801,0.5623,434,Campbell's Bay,QC
-73.28,45.45,PGA,0.0179,0.0251,0.0332,0.0654,0.117,0.1977,0.3092,0.3505,0.521,0.7432,435,Chambly,QC
-71.07,48.43,PGA,0.0283,0.0404,0.0535,0.1031,0.1772,0.288,0.4357,0.4895,0.7086,0.9794,436,Saguenay,QC
-70.88,48.35,PGA,0.0314,0.0444,0.0584,0.1095,0.1843,0.2951,0.4427,0.4965,0.7154,0.9858,437,Saguenay (Bagotville),QC
-71.25,48.42,PGA,0.0271,0.039,0.0521,0.1021,0.1772,0.2899,0.4391,0.4934,0.7143,0.9857,438,Saguenay (Kénogami),QC
-71.8,45.13,PGA,0.0132,0.0172,0.0213,0.035,0.0529,0.0773,0.1075,0.1186,0.1637,0.225,439,Coaticook,QC
-73.23,45.85,PGA,0.0173,0.0239,0.0311,0.0592,0.1034,0.1717,0.2658,0.3023,0.4499,0.6447,440,Contrecoeur,QC
-72.75,45.2,PGA,0.0154,0.0206,0.026,0.0449,0.071,0.1077,0.1544,0.1718,0.2406,0.3287,441,Cowansville,QC
-73.88,45.53,PGA,0.0205,0.0295,0.0394,0.0778,0.1355,0.2213,0.3356,0.3789,0.5522,0.7763,442,Deux-Montagnes,QC
-72.23,48.88,PGA,0.0147,0.0208,0.0275,0.0539,0.0968,0.167,0.2676,0.3074,0.4675,0.6791,443,Dolbeau,QC
-72.48,45.88,PGA,0.0155,0.0205,0.0256,0.0433,0.0679,0.1043,0.1534,0.1723,0.2511,0.3599,444,Drummondville,QC
-72.98,45.28,PGA,0.0164,0.0224,0.0288,0.0521,0.0868,0.1386,0.2077,0.2345,0.3436,0.4917,445,Farnham,QC
-76.73,45.85,PGA,0.0153,0.0211,0.0274,0.0505,0.0854,0.1403,0.2191,0.2506,0.3829,0.5653,446,Fort-Coulonge,QC
-68.17,51.93,PGA,0.0041,0.0054,0.0068,0.012,0.0186,0.0278,0.0401,0.0448,0.0642,0.0907,447,Gagnon,QC
-64.48,48.83,PGA,0.0072,0.0101,0.0126,0.0209,0.0323,0.048,0.0682,0.0757,0.1052,0.1434,448,Gaspé,QC
-75.65,45.5,PGA,0.0184,0.0258,0.0336,0.0623,0.104,0.1658,0.2502,0.2828,0.4184,0.6021,449,Gatineau,QC
-76.05,46.1,PGA,0.0186,0.0261,0.034,0.0629,0.1049,0.1663,0.2475,0.2779,0.4004,0.5587,450,Gracefield,QC
-72.73,45.4,PGA,0.0156,0.0208,0.0262,0.0451,0.0712,0.108,0.1551,0.1728,0.2421,0.3306,451,Granby,QC
-59.48,50.5,PGA,0.0021,0.0032,0.0042,0.0086,0.0149,0.0236,0.0358,0.0407,0.0627,0.0971,452,Harrington-Harbour,QC
-63.6,50.23,PGA,0.0054,0.0078,0.0106,0.0219,0.0418,0.0762,0.1273,0.148,0.237,0.3641,453,Havre-St-Pierre,QC
-73.58,45.05,PGA,0.0187,0.0267,0.0356,0.07,0.1222,0.2007,0.307,0.3464,0.5089,0.7222,454,Hemmingford,QC
-75.73,45.43,PGA,0.0178,0.0248,0.0323,0.0598,0.0999,0.1601,0.2434,0.2757,0.4112,0.5961,455,Hull,QC
-73.23,45.35,PGA,0.0176,0.0247,0.0325,0.063,0.1113,0.1869,0.2913,0.331,0.4939,0.7089,456,Iberville,QC
-78.1,58.48,PGA,0.0016,0.0024,0.0034,0.0068,0.0124,0.0208,0.0331,0.0381,0.0601,0.0913,457,Inukjuak,QC
-73.45,46.02,PGA,0.0174,0.0238,0.0308,0.0575,0.0996,0.1652,0.2573,0.293,0.4399,0.6358,458,Joliette,QC
-71.22,48.42,PGA,0.0273,0.0393,0.0524,0.1024,0.1774,0.2899,0.439,0.4932,0.7135,0.9847,459,Saguenay (Jonquière),QC
-68.4,58.1,PGA,0.0035,0.0046,0.0059,0.0107,0.0169,0.0257,0.0382,0.0431,0.0645,0.0938,460,Kuujjuaq,QC
-77.75,55.28,PGA,0.0011,0.0017,0.0025,0.0052,0.0099,0.017,0.0278,0.0323,0.0531,0.0843,461,Kuujjuarapik,QC
-70.15,47.65,PGA,0.0932,0.1337,0.1747,0.3095,0.4785,0.6994,0.9517,1.0409,1.364,1.7276,462,La-Malbaie,QC
-72.78,47.43,PGA,0.0152,0.0198,0.0245,0.0395,0.0583,0.0821,0.11,0.1197,0.1567,0.2011,463,La-Tuque,QC
-70.88,45.58,PGA,0.0137,0.0177,0.0217,0.035,0.0524,0.0763,0.1074,0.1194,0.1699,0.2444,464,Lac-Mégantic,QC
-74.33,45.65,PGA,0.0212,0.0303,0.0399,0.0757,0.1268,0.2003,0.297,0.3327,0.4775,0.6658,465,Lachute,QC
-71.85,45.37,PGA,0.0136,0.0177,0.0218,0.0353,0.0526,0.0759,0.1042,0.1143,0.154,0.2038,466,Lennoxville,QC
-73.8,45.35,PGA,0.0203,0.0293,0.0393,0.0783,0.1371,0.2242,0.3393,0.3827,0.5564,0.7802,467,Léry,QC
-71.35,46.85,PGA,0.024,0.0325,0.0417,0.0743,0.1209,0.1905,0.2862,0.3229,0.474,0.6744,468,Loretteville,QC
-72.95,46.25,PGA,0.0161,0.0215,0.0271,0.0479,0.0797,0.1307,0.2046,0.2342,0.3589,0.5315,469,Louiseville,QC
-72.13,45.27,PGA,0.0139,0.0181,0.0223,0.0364,0.0549,0.0796,0.1095,0.1202,0.1618,0.2131,470,Magog,QC
-78.13,48.13,PGA,0.0071,0.01,0.0127,0.0218,0.0343,0.0515,0.0731,0.0808,0.1104,0.1472,471,Malartic,QC
-75.97,46.38,PGA,0.019,0.0268,0.0351,0.0656,0.1089,0.1712,0.2519,0.282,0.4028,0.5575,472,Maniwaki,QC
-75.417,45.533,PGA,0.0196,0.0276,0.0362,0.0682,0.1153,0.1864,0.2831,0.3202,0.4716,0.6735,473,Masson,QC
-67.53,48.85,PGA,0.0161,0.0223,0.0291,0.0549,0.0963,0.1634,0.2581,0.2949,0.4442,0.6405,474,Matane,QC
-68.18,48.58,PGA,0.0181,0.0245,0.0314,0.056,0.0933,0.1528,0.2399,0.2743,0.4194,0.6145,475,Mont-Joli,QC
-75.5,46.55,PGA,0.0185,0.026,0.0339,0.0632,0.1051,0.1657,0.2455,0.2752,0.3954,0.5507,476,Mont-Laurier,QC
-70.55,46.98,PGA,0.0364,0.0501,0.0642,0.1101,0.1697,0.2491,0.3459,0.3812,0.5188,0.6928,477,Montmagny,QC
-73.87,45.43,PGA,0.0206,0.0297,0.0398,0.0787,0.1373,0.2239,0.3389,0.3822,0.5558,0.7794,478,Beaconsfield,QC
-73.75,45.45,PGA,0.0201,0.029,0.0389,0.0774,0.1357,0.2224,0.3378,0.3814,0.5556,0.7795,479,Dorval,QC
-73.75,45.58,PGA,0.02,0.0286,0.0383,0.0761,0.1337,0.2195,0.3344,0.3777,0.5523,0.7779,480,Laval,QC
-73.52,45.63,PGA,0.0189,0.027,0.036,0.0721,0.1285,0.2139,0.329,0.3721,0.5461,0.7708,482,Montréal-Est,QC
-73.63,45.6,PGA,0.0195,0.0278,0.0373,0.0745,0.1317,0.2179,0.3333,0.3768,0.5517,0.7772,483,Montréal-Nord,QC
-73.62,45.52,PGA,0.0195,0.028,0.0375,0.0751,0.133,0.2196,0.3354,0.379,0.5544,0.7803,484,Outremont,QC
-73.87,45.48,PGA,0.0205,0.0296,0.0396,0.0783,0.1364,0.2229,0.3376,0.3807,0.5538,0.7779,485,Pierrefonds,QC
-73.5,45.5,PGA,0.019,0.0271,0.0362,0.0727,0.1296,0.2155,0.3312,0.3746,0.5495,0.7748,486,St-Lambert,QC
-73.67,45.5,PGA,0.0198,0.0284,0.0381,0.0761,0.1341,0.2207,0.3362,0.3797,0.5545,0.7795,487,St-Laurent,QC
-73.93,45.42,PGA,0.0208,0.03,0.0401,0.0791,0.1378,0.2243,0.3389,0.3822,0.5558,0.7794,488,Ste-Anne-de-Bellevue,QC
-73.57,45.45,PGA,0.0193,0.0278,0.0372,0.0747,0.1323,0.219,0.335,0.3785,0.5537,0.7795,489,Verdun,QC
-72.28,46.4,PGA,0.0166,0.022,0.0277,0.048,0.0789,0.1285,0.2025,0.2324,0.3596,0.5355,490,Nicolet (Gentilly),QC
-70.91,53.21,PGA,0.0027,0.0037,0.0047,0.0084,0.0135,0.0207,0.031,0.0354,0.0549,0.0838,491,Nitchequon,QC
-79.02,48.25,PGA,0.0058,0.0082,0.011,0.0197,0.0321,0.0493,0.0714,0.0795,0.1112,0.152,492,Noranda,QC
-64.22,48.53,PGA,0.0067,0.0092,0.0116,0.0191,0.0291,0.0429,0.0602,0.0666,0.0921,0.126,493,Percé,QC
-73.98,45.38,PGA,0.0209,0.0302,0.0405,0.0797,0.1384,0.2247,0.3396,0.3829,0.5559,0.7794,494,Pincourt,QC
-71.78,46.22,PGA,0.0165,0.0216,0.0268,0.0441,0.0669,0.0988,0.1407,0.1565,0.222,0.312,495,Plessisville,QC
-66.87,50.02,PGA,0.0108,0.0155,0.0207,0.0409,0.0725,0.1204,0.1854,0.2095,0.3086,0.4364,496,Port-Cartier,QC
-77.283,60.033,PGA,0.0019,0.0032,0.0045,0.0104,0.0196,0.035,0.0582,0.0676,0.1082,0.1646,497,Puvinrituq,QC
-71.38,46.78,PGA,0.0227,0.0308,0.0393,0.0702,0.1149,0.1827,0.277,0.3137,0.4637,0.6628,498,Ancienne-Lorette,QC
-71.18,46.8,PGA,0.0246,0.0333,0.0426,0.0751,0.1209,0.1889,0.2813,0.3171,0.464,0.6593,499,Lévis,QC
-71.23,46.8,PGA,0.0242,0.0328,0.0419,0.0742,0.1199,0.1881,0.2814,0.3175,0.4654,0.6625,500,Québec,QC
-71.25,46.77,PGA,0.0235,0.0319,0.0407,0.072,0.117,0.1843,0.2768,0.3128,0.4605,0.6569,501,Sillery,QC
-71.28,46.78,PGA,0.0235,0.0319,0.0407,0.0721,0.1174,0.1849,0.2782,0.3144,0.4623,0.6596,502,Ste-Foy,QC
-72.15,45.67,PGA,0.0146,0.019,0.0235,0.038,0.0572,0.0831,0.1155,0.1274,0.1743,0.2336,503,Richmond,QC
-68.55,48.43,PGA,0.0201,0.027,0.0341,0.0593,0.0953,0.1504,0.2297,0.2614,0.3965,0.5829,504,Rimouski,QC
-69.53,47.83,PGA,0.0512,0.0743,0.0983,0.1828,0.2992,0.4575,0.6533,0.7233,0.9863,1.2923,505,Rivière-du-Loup,QC
-72.23,48.52,PGA,0.0174,0.0251,0.0338,0.0708,0.1344,0.2375,0.377,0.4313,0.6406,0.9,506,Roberval,QC
-72.1,45.04,PGA,0.0135,0.0177,0.022,0.0363,0.0552,0.0805,0.1113,0.1225,0.1666,0.2236,507,Rock-Island,QC
-73.8,45.63,PGA,0.0201,0.0288,0.0384,0.076,0.1329,0.2182,0.3327,0.3757,0.5497,0.7756,508,Rosemère,QC
-79.02,48.23,PGA,0.0058,0.0083,0.0111,0.0199,0.0325,0.0501,0.0727,0.081,0.1137,0.1559,509,Rouyn,QC
-74.13,45.25,PGA,0.021,0.0304,0.0408,0.0802,0.1388,0.2251,0.3396,0.3829,0.5564,0.7811,510,Salaberry-de-Valleyfield,QC
-66.83,54.8,PGA,0.0015,0.0023,0.0032,0.0065,0.0118,0.0191,0.0297,0.0342,0.0542,0.0831,511,Schefferville,QC
-77.23,48.38,PGA,0.0069,0.0095,0.0119,0.0198,0.0303,0.0443,0.0613,0.0672,0.0902,0.1183,512,Senneterre,QC
-66.38,50.2,PGA,0.0095,0.0138,0.0184,0.0363,0.0645,0.1079,0.1676,0.1904,0.2838,0.4074,513,Sept-Îles,QC
-72.75,46.55,PGA,0.0159,0.021,0.0263,0.0447,0.0712,0.112,0.171,0.1947,0.2971,0.4422,514,Shawinigan,QC
-76.48,45.6,PGA,0.0152,0.0208,0.0269,0.0494,0.0837,0.1378,0.2161,0.2475,0.3796,0.5616,515,Shawville,QC
-71.9,45.42,PGA,0.0138,0.0179,0.022,0.0355,0.0529,0.0763,0.1044,0.1144,0.1536,0.2023,516,Sherbrooke,QC
-73.12,46.03,PGA,0.0167,0.0226,0.0289,0.0528,0.0898,0.1473,0.2279,0.2593,0.39,0.5676,517,Sorel,QC
-72.45,48.65,PGA,0.015,0.0212,0.0281,0.0554,0.0999,0.1713,0.2709,0.3094,0.4635,0.6645,518,St-Félicien,QC
-69.5,47.92,PGA,0.0456,0.0647,0.084,0.1495,0.2347,0.3463,0.4827,0.5316,0.723,0.9554,519,St-Georges-de-Cacouna,QC
-73.42,45.5,PGA,0.0186,0.0264,0.0352,0.0706,0.1265,0.2115,0.3265,0.3695,0.5433,0.7685,520,St-Hubert,QC
-69.15,47.817,PGA,0.0323,0.0436,0.0548,0.0918,0.1388,0.1991,0.2719,0.2982,0.3979,0.5226,521,St-Hubert-de-Rivière-du-Loup,QC
-72.95,45.62,PGA,0.0165,0.0225,0.0288,0.0521,0.0869,0.1389,0.2082,0.2351,0.3431,0.4886,522,St-Hyacinthe,QC
-73.26,45.31,PGA,0.0178,0.0249,0.0327,0.0637,0.1126,0.1883,0.293,0.3326,0.4949,0.7092,523,Saint-Jean-sur-Richelieu,QC
-74,45.78,PGA,0.0201,0.0285,0.0377,0.0728,0.125,0.2025,0.307,0.3456,0.5042,0.7123,524,St-Jérôme,QC
-74.6,46.12,PGA,0.0196,0.0273,0.0355,0.0659,0.1092,0.1711,0.2511,0.2809,0.4005,0.5546,525,St-Jovite,QC
-71.4,46.7,PGA,0.0216,0.0292,0.0371,0.0658,0.1079,0.1728,0.2644,0.3006,0.4492,0.6473,526,St-Nicolas,QC
-74.28,46.05,PGA,0.0193,0.0267,0.0347,0.0644,0.1074,0.1697,0.2511,0.2814,0.4034,0.561,527,Ste-Agathe-des-Monts,QC
-72.62,45.1,PGA,0.0148,0.0196,0.0247,0.042,0.0652,0.0971,0.1372,0.1516,0.2087,0.2814,528,Sutton,QC
-69.72,48.15,PGA,0.0406,0.0561,0.0721,0.1244,0.1923,0.2828,0.3935,0.4345,0.5921,0.7908,529,Tadoussac,QC
-79.1,46.72,PGA,0.0095,0.0158,0.0254,0.0782,0.1651,0.2925,0.4546,0.5128,0.746,1.028,530,Témiscaming,QC
-71.3,46.08,PGA,0.016,0.0207,0.0255,0.0408,0.0601,0.0852,0.1158,0.127,0.1703,0.2247,531,Thetford Mines,QC
-75.25,45.6,PGA,0.0204,0.0288,0.0378,0.0712,0.1192,0.1896,0.2824,0.3175,0.4588,0.6436,532,Thurso,QC
-72.55,46.35,PGA,0.0161,0.0214,0.027,0.0473,0.0783,0.1288,0.2035,0.2338,0.3621,0.5389,533,Trois-Rivières,QC
-77.78,48.1,PGA,0.0075,0.0105,0.0132,0.0225,0.035,0.0522,0.0734,0.0809,0.11,0.146,534,Val-d'Or,QC
-73.43,45.68,PGA,0.0184,0.026,0.0345,0.0688,0.1233,0.207,0.3209,0.3634,0.5362,0.7603,535,Varennes,QC
-73.35,45.78,PGA,0.0179,0.025,0.0329,0.0643,0.1145,0.1931,0.3019,0.3424,0.5095,0.7282,536,Verchères,QC
-71.97,46.05,PGA,0.0156,0.0204,0.0252,0.0412,0.0626,0.0921,0.1305,0.1451,0.2045,0.2853,537,Victoriaville,QC
-79.43,47.33,PGA,0.0076,0.0116,0.0161,0.0335,0.0598,0.098,0.1474,0.1657,0.2395,0.3352,538,Ville-Marie,QC
-72.52,45.35,PGA,0.0148,0.0196,0.0245,0.0408,0.0628,0.0928,0.1306,0.1444,0.198,0.2654,539,Waterloo,QC
-72,45.57,PGA,0.0142,0.0185,0.0227,0.0365,0.0545,0.0786,0.1081,0.1186,0.1602,0.2119,540,Windsor,QC
-64.95,45.6,PGA,0.0072,0.0102,0.0129,0.0223,0.0352,0.0534,0.0779,0.0875,0.1293,0.1932,541,Alma,NB
-65.65,47.6,PGA,0.0122,0.0166,0.021,0.0362,0.0569,0.0857,0.1232,0.1376,0.1977,0.2864,542,Bathurst,NB
-66.67,48,PGA,0.0145,0.019,0.0235,0.0385,0.0582,0.085,0.119,0.1318,0.1852,0.266,543,Campbellton,NB
-65.47,47.03,PGA,0.0118,0.0162,0.0206,0.0356,0.0561,0.0848,0.1221,0.1363,0.1953,0.2814,544,Miramichi,NB
-68.33,47.37,PGA,0.0195,0.0253,0.0311,0.0492,0.0719,0.1002,0.133,0.1447,0.1893,0.2454,545,Edmundston,NB
-66.65,45.95,PGA,0.0123,0.0166,0.0209,0.0358,0.056,0.0839,0.1193,0.1326,0.1871,0.2644,546,Fredericton,NB
-66.16,45.79,PGA,0.0107,0.0145,0.0184,0.032,0.0505,0.0767,0.1099,0.1224,0.1741,0.2478,547,Gagetown,NB
-67.73,47.05,PGA,0.0182,0.0241,0.0299,0.0488,0.0734,0.1061,0.1467,0.1617,0.2225,0.3049,548,Grand Falls,NB
-64.78,46.1,PGA,0.0076,0.0107,0.0135,0.0235,0.0373,0.0576,0.0864,0.0981,0.1503,0.2314,549,Moncton,NB
-66.48,45.84,PGA,0.0117,0.0157,0.0199,0.0345,0.0546,0.0826,0.1183,0.1318,0.1868,0.2646,550,Oromocto,NB
-64.37,45.88,PGA,0.007,0.0096,0.0121,0.0207,0.0325,0.0499,0.0749,0.0853,0.1326,0.2096,551,Sackville,NB
-66.05,45.267,PGA,0.0092,0.0129,0.0167,0.0306,0.0501,0.078,0.1121,0.1245,0.1728,0.2337,552,Saint John,NB
-64.7,47.73,PGA,0.0081,0.0112,0.014,0.0235,0.0362,0.0542,0.078,0.0872,0.1264,0.1851,553,Shippagan,NB
-67.28,45.2,PGA,0.0114,0.0169,0.0239,0.0637,0.1444,0.2697,0.4327,0.489,0.7163,0.9851,554,St. Stephen,NB
-67.6,46.16,PGA,0.0142,0.0187,0.0233,0.0381,0.0576,0.0839,0.1173,0.1299,0.1819,0.2565,555,Woodstock,NB
-64.2,45.83,PGA,0.0066,0.0091,0.0116,0.0197,0.0307,0.0467,0.0692,0.0783,0.1185,0.1794,556,Amherst,NS
-62,45.62,PGA,0.0044,0.006,0.0077,0.0138,0.0217,0.0335,0.0499,0.0564,0.0839,0.1238,557,Antigonish,NS
-64.52,44.38,PGA,0.0057,0.0077,0.01,0.0172,0.0272,0.0417,0.0608,0.068,0.0981,0.1404,558,Bridgewater,NS
-61,45.33,PGA,0.0048,0.0066,0.0087,0.0155,0.0248,0.0389,0.0586,0.0663,0.0989,0.1443,559,Canso,NS
-63.47,45.43,PGA,0.0055,0.0074,0.0095,0.0161,0.025,0.0377,0.0554,0.0624,0.0931,0.1397,560,Debert,NS
-65.77,44.62,PGA,0.0071,0.0102,0.0132,0.0242,0.0401,0.0627,0.0905,0.1008,0.1405,0.1913,561,Digby,NS
-64.9,44.98,PGA,0.0062,0.0087,0.0113,0.0197,0.0313,0.0473,0.0679,0.0757,0.108,0.1545,562,Greenwood (CFB),NS
-63.57,44.67,PGA,0.0051,0.0069,0.0089,0.0155,0.0245,0.0378,0.0565,0.0638,0.0947,0.1383,563,Dartmouth,NS
-63.6,44.65,PGA,0.0051,0.0069,0.0089,0.0155,0.0245,0.0379,0.0566,0.064,0.095,0.1385,564,Halifax,NS
-64.5,45.08,PGA,0.0063,0.0086,0.011,0.0188,0.0293,0.044,0.0633,0.0707,0.1023,0.1495,565,Kentville,NS
-64.72,44.03,PGA,0.005,0.0069,0.0091,0.0164,0.0267,0.0419,0.0622,0.0699,0.1018,0.1458,566,Liverpool,NS
-65.12,43.7,PGA,0.0047,0.0066,0.0088,0.0163,0.027,0.0429,0.0643,0.0725,0.1062,0.1524,567,Lockeport,NS
-59.98,45.92,PGA,0.0055,0.0078,0.0104,0.0182,0.0286,0.0432,0.0623,0.0695,0.0989,0.1397,568,Louisburg,NS
-64.32,44.38,PGA,0.0055,0.0075,0.0097,0.0168,0.0265,0.0406,0.0597,0.067,0.0975,0.1405,569,Lunenburg,NS
-62.65,45.58,PGA,0.0049,0.0066,0.0084,0.0146,0.0226,0.0342,0.0504,0.0568,0.0842,0.1244,570,New Glasgow,NS
-60.25,46.22,PGA,0.005,0.0069,0.0091,0.0159,0.025,0.0377,0.0544,0.0608,0.0872,0.1247,571,North Sydney,NS
-62.72,45.68,PGA,0.005,0.0066,0.0085,0.0146,0.0226,0.0342,0.0502,0.0565,0.0835,0.1232,572,Pictou,NS
-61.35,45.62,PGA,0.0046,0.0062,0.0081,0.0144,0.0227,0.0351,0.0524,0.0592,0.0878,0.1286,573,Port Hawkesbury,NS
-64.05,45.65,PGA,0.0063,0.0086,0.011,0.0186,0.0287,0.0431,0.0626,0.0703,0.1037,0.1533,574,Springhill,NS
-63.35,45.13,PGA,0.0053,0.0071,0.0092,0.0156,0.0243,0.0371,0.055,0.0621,0.093,0.1387,575,Stewiacke,NS
-60.18,46.15,PGA,0.0051,0.0071,0.0094,0.0164,0.0257,0.0389,0.0561,0.0627,0.0897,0.1277,576,Sydney,NS
-63.3,45.72,PGA,0.0055,0.0074,0.0095,0.016,0.0247,0.037,0.0538,0.0604,0.0889,0.131,577,Tatamagouche,NS
-63.27,45.37,PGA,0.0054,0.0072,0.0092,0.0157,0.0243,0.0368,0.0543,0.0612,0.0918,0.1376,578,Truro,NS
-64.37,45.08,PGA,0.0062,0.0084,0.0108,0.0183,0.0285,0.0429,0.062,0.0694,0.1009,0.1483,579,Wolfville,NS
-66.12,43.83,PGA,0.0059,0.0083,0.0109,0.0197,0.0325,0.0506,0.0738,0.082,0.1149,0.158,580,Yarmouth,NS
-63.133,46.233,PGA,0.0055,0.0074,0.0095,0.016,0.0246,0.0368,0.0536,0.0601,0.0887,0.1303,581,Charlottetown,PE
-62.25,46.35,PGA,0.0048,0.0064,0.0082,0.014,0.0214,0.032,0.0465,0.0522,0.0767,0.1136,582,Souris,PE
-63.783,46.4,PGA,0.0063,0.0087,0.0111,0.0188,0.0296,0.0461,0.071,0.0815,0.1298,0.2084,583,Summerside,PE
-64.03,46.95,PGA,0.0069,0.0095,0.012,0.0202,0.0316,0.0484,0.0725,0.0824,0.1276,0.202,584,Tignish,PE
-53.98,47.3,PGA,0.0043,0.0061,0.0082,0.0152,0.0239,0.0355,0.0505,0.0561,0.0797,0.1136,585,Argentia,NL
-53.12,48.65,PGA,0.0028,0.004,0.0053,0.0107,0.0178,0.0279,0.0417,0.0471,0.0705,0.1056,586,Bonavista,NL
-56.867,48.817,PGA,0.0033,0.0044,0.0058,0.011,0.0174,0.0263,0.0385,0.0434,0.065,0.0987,587,Buchans,NL
-57.95,54.78,PGA,0.005,0.0072,0.0098,0.0181,0.0298,0.0462,0.0667,0.0741,0.1022,0.1357,588,Cape Harrison,NL
-53.07,46.65,PGA,0.0046,0.0066,0.009,0.0165,0.0262,0.0393,0.0561,0.0625,0.0885,0.1251,589,Cape Race,NL
-59.15,47.57,PGA,0.0042,0.0057,0.0075,0.0135,0.0209,0.0313,0.0449,0.0501,0.0722,0.1048,590,Channel-Port aux Basques,NL
-57.95,48.95,PGA,0.0032,0.0043,0.0056,0.0105,0.0167,0.0253,0.0373,0.0421,0.0639,0.098,591,Corner Brook,NL
-54.59,48.98,PGA,0.0029,0.004,0.0053,0.0104,0.017,0.0263,0.039,0.0441,0.0662,0.1004,592,Gander,NL
-55.77,47.1,PGA,0.0058,0.0084,0.0111,0.0194,0.0298,0.0436,0.0605,0.0667,0.0916,0.1255,593,Grand Bank,NL
-55.67,48.93,PGA,0.003,0.0042,0.0054,0.0106,0.017,0.0261,0.0385,0.0434,0.0652,0.0991,594,Grand Falls,NL
-60.37,53.32,PGA,0.0016,0.0026,0.0037,0.0079,0.0145,0.0232,0.0345,0.0389,0.057,0.0828,595,Happy Valley-Goose Bay,NL
-66.92,52.95,PGA,0.0032,0.0042,0.0054,0.0097,0.0153,0.0232,0.0341,0.0385,0.0575,0.0849,596,Labrador City,NL
-55.58,51.37,PGA,0.0016,0.0024,0.0033,0.0075,0.0143,0.0236,0.0363,0.0413,0.0634,0.0974,597,St. Anthony,NL
-52.72,47.57,PGA,0.0034,0.0048,0.0064,0.0125,0.0204,0.0315,0.0459,0.0515,0.075,0.1095,598,St. John's,NL
-58.58,48.55,PGA,0.0036,0.0048,0.0061,0.0113,0.0176,0.0265,0.0387,0.0435,0.0651,0.0983,599,Stephenville,NL
-64.53,53.5,PGA,0.0019,0.003,0.0039,0.0078,0.0136,0.0214,0.0324,0.0369,0.0563,0.0837,600,Twin Falls,NL
-52.95,47.63,PGA,0.0035,0.0048,0.0064,0.0125,0.0203,0.0312,0.0453,0.0508,0.074,0.1083,601,Wabana,NL
-66.87,52.92,PGA,0.0032,0.0043,0.0054,0.0098,0.0154,0.0234,0.0343,0.0387,0.0577,0.0851,602,Wabush,NL
-137.517,61.6,PGA,0.0331,0.0439,0.0544,0.0862,0.1205,0.16,0.2029,0.2177,0.2739,0.3442,603,Aishihik,YT
-139.42,64.07,PGA,0.018,0.0236,0.0294,0.0499,0.078,0.1165,0.166,0.1847,0.2605,0.3598,604,Dawson,YT
-138.8,61.25,PGA,0.0717,0.101,0.1353,0.2528,0.3773,0.5106,0.6502,0.6934,0.8436,1.0097,605,Destruction Bay,YT
-140.37,62.4,PGA,0.0405,0.0516,0.0626,0.0941,0.1303,0.1743,0.2243,0.2422,0.3097,0.393,606,Snag,YT
-132.72,60.17,PGA,0.0104,0.0137,0.0171,0.0297,0.0479,0.0758,0.116,0.1324,0.2052,0.3102,607,Teslin,YT
-128.71,60.13,PGA,0.0106,0.0146,0.0189,0.0342,0.0559,0.0869,0.1269,0.1419,0.1999,0.2747,608,Watson Lake,YT
-135.05,60.72,PGA,0.0214,0.027,0.0324,0.0499,0.0722,0.1018,0.1397,0.1542,0.2153,0.3024,609,Whitehorse,YT
-135.01,68.23,PGA,0.0159,0.0219,0.0283,0.0515,0.0849,0.1338,0.1993,0.2245,0.3264,0.4564,610,Aklavik,NT
-117.88,66.05,PGA,0.001,0.0014,0.002,0.0044,0.0085,0.0155,0.026,0.0304,0.0506,0.0828,611,Echo Bay / Port Radium,NT
-128.63,66.29,PGA,0.0129,0.0171,0.0213,0.0355,0.0541,0.079,0.1085,0.1189,0.1592,0.2079,612,Fort Good Hope,NT
-117.65,61.35,PGA,0.0014,0.002,0.0027,0.0054,0.0099,0.017,0.0273,0.0315,0.0503,0.0804,613,Fort Providence,NT
-113.67,61.19,PGA,0.001,0.0015,0.0022,0.0047,0.0089,0.0157,0.0259,0.0301,0.0493,0.0799,614,Fort Resolution,NT
-121.35,61.93,PGA,0.0072,0.0099,0.0125,0.0209,0.032,0.0467,0.0648,0.0714,0.0972,0.1302,615,Fort Simpson,NT
-111.88,60,PGA,0.001,0.0015,0.0022,0.0047,0.0089,0.0158,0.026,0.0303,0.0498,0.0811,616,Fort Smith,NT
-115.733,60.85,PGA,0.001,0.0016,0.0023,0.0049,0.0093,0.0162,0.0263,0.0305,0.0496,0.0803,617,Hay River,NT
-117.75,70.73,PGA,0.0013,0.002,0.0029,0.0057,0.0105,0.0175,0.0279,0.0323,0.0529,0.0845,618,Ulukhaqtuuq / Holman,NT
-133.72,68.35,PGA,0.0112,0.0153,0.0197,0.0354,0.0578,0.0894,0.1297,0.1447,0.2043,0.2823,619,Inuvik,NT
-119.33,76.23,PGA,0.002,0.0033,0.0043,0.0086,0.0147,0.0228,0.0327,0.0362,0.0495,0.0656,620,Mould Bay,NT
-126.85,65.283,PGA,0.0289,0.039,0.0494,0.0851,0.1351,0.2084,0.3054,0.3391,0.4702,0.623,621,Norman Wells,NT
-116.05,62.83,PGA,0.001,0.0015,0.0021,0.0046,0.0088,0.0157,0.0259,0.0301,0.0493,0.0799,622,Rae-Edzo,NT
-128.27,61.95,PGA,0.0148,0.0196,0.0246,0.0413,0.064,0.0958,0.1373,0.1528,0.2163,0.3006,623,Tungsten,NT
-114.35,62.48,PGA,0.0009,0.0014,0.002,0.0045,0.0087,0.0156,0.0259,0.0301,0.049,0.0793,624,Yellowknife,NT
-62.25,82.48,PGA,0.0033,0.0051,0.0072,0.0161,0.0297,0.0508,0.0796,0.0904,0.1342,0.1915,625,Alert,NU
-85.17,73.03,PGA,0.0076,0.0102,0.0125,0.0201,0.0299,0.043,0.0597,0.066,0.0914,0.1263,626,Arctic Bay,NU
-94.05,61.12,PGA,0.0016,0.0023,0.0032,0.0059,0.0103,0.0169,0.0269,0.0312,0.0513,0.0828,627,Arviat,NU
-96.02,64.32,PGA,0.0026,0.0037,0.0047,0.0089,0.0148,0.0229,0.0343,0.0389,0.0589,0.0882,628,Baker Lake,NU
-105.03,69.12,PGA,0.0019,0.0029,0.0037,0.0069,0.0118,0.0188,0.0292,0.0336,0.0536,0.0823,629,Iqaluktuuttiaq / Cambridge Bay,NU
-90.7,63.33,PGA,0.0034,0.0047,0.0061,0.0117,0.0187,0.0287,0.0417,0.0467,0.0677,0.097,630,Igluligaarjuk / Chesterfield Inlet,NU
-68.57,70.45,PGA,0.0205,0.027,0.0337,0.056,0.0856,0.1257,0.1762,0.1947,0.269,0.3653,631,Kanngiqtugaapik / Clyde River,NU
-115.08,67.83,PGA,0.0008,0.0012,0.0018,0.0043,0.0085,0.0156,0.0261,0.0305,0.0512,0.0834,632,Kugluktuk,NU
-83.17,64.13,PGA,0.0039,0.0055,0.0073,0.014,0.0231,0.0363,0.0545,0.0616,0.0924,0.1371,633,Salliq / Coral Harbour,NU
-85.95,79.983,PGA,0.0104,0.0136,0.0167,0.0274,0.0423,0.0648,0.0968,0.1095,0.1642,0.2422,634,Eureka,NU
-68.5,63.73,PGA,0.0049,0.0065,0.0083,0.014,0.0213,0.0316,0.0456,0.0511,0.0749,0.109,635,Iqaluit,NU
-103.53,78.78,PGA,0.0215,0.0278,0.034,0.0535,0.0779,0.1093,0.1486,0.1633,0.2246,0.3125,636,Isachsen,NU
-78,63.1,PGA,0.0027,0.0039,0.0053,0.0114,0.0207,0.0359,0.0587,0.0679,0.108,0.1658,637,Nottingham Island,NU
-92.08,62.82,PGA,0.0026,0.0036,0.0046,0.0085,0.014,0.0216,0.0321,0.0364,0.0556,0.0852,638,Kangiqiniq / Rankin Inlet,NU
-94.9,74.68,PGA,0.0086,0.0117,0.0148,0.0259,0.0429,0.0702,0.1093,0.1245,0.1876,0.2721,639,Resolute,NU
-64.883,61.3,PGA,0.0094,0.0128,0.0164,0.0292,0.0478,0.0757,0.1134,0.128,0.1883,0.2716,640,Resolution Island,NU
-67.05,45.07,PGA,0.0108,0.0164,0.0245,0.0783,0.1756,0.3132,0.4812,0.5419,0.7753,1.0456,641,Saint Andrews ,NB
-66.82,45.13,PGA,0.0106,0.016,0.023,0.0598,0.1225,0.2129,0.3255,0.3653,0.5208,0.7133,642,Saint George ,NB
-82.43,52.93,PGA,0.0012,0.002,0.003,0.0067,0.0132,0.0236,0.0387,0.0448,0.0701,0.1041,643,Attawapiskat,ON
-75.76,45.28,PGA,0.0169,0.0236,0.0307,0.0572,0.0966,0.1565,0.2399,0.2724,0.4089,0.5945,645,Ottawa (Barrhaven),ON
-75.91,45.31,PGA,0.0162,0.0225,0.0292,0.0536,0.0901,0.1461,0.2253,0.2566,0.3884,0.5695,646,Ottawa (Kanata),ON
-75.52,45.48,PGA,0.0189,0.0266,0.0348,0.0653,0.1101,0.1774,0.2685,0.304,0.4486,0.642,647,Ottawa (Orleans),ON
-75.67,45.32,PGA,0.0175,0.0245,0.0321,0.0602,0.1017,0.1645,0.2512,0.2848,0.4248,0.6137,648,Ottawa (M-C Int'l Airport),ON
-79.61,43.68,PGA,0.0049,0.0072,0.01,0.0208,0.0385,0.0672,0.1074,0.1228,0.187,0.273,649,Toronto (LBP Int'l Airport),ON
-79.38,43.65,PGA,0.0052,0.0077,0.0107,0.0227,0.0441,0.0814,0.1376,0.1601,0.2577,0.3965,650,Toronto (city hall),ON
-73.63,45.69,PGA,0.0193,0.0274,0.0365,0.0728,0.129,0.214,0.3286,0.3717,0.545,0.77,652,Terrebonne,QC
-73.9,45.56,PGA,0.0206,0.0295,0.0394,0.0775,0.1349,0.22,0.3337,0.3766,0.5494,0.7732,653,Saint-Eustache,QC
-75.93,45.64,PGA,0.0177,0.0245,0.0318,0.0579,0.0958,0.1525,0.2312,0.2619,0.391,0.5694,654,Wakefield,QC
-74.14,45.4,PGA,0.0212,0.0306,0.0409,0.0798,0.1378,0.2231,0.3366,0.3794,0.5518,0.7747,655,St-Lazare-Hudson,QC
-70.51,47.44,PGA,0.0752,0.1105,0.1475,0.2729,0.4378,0.6513,0.8978,0.9864,1.2999,1.659,656,Baie-Saint-Paul,QC
-70.04,47.37,PGA,0.0747,0.1076,0.1417,0.257,0.4085,0.6086,0.8409,0.9227,1.2233,1.5693,657,La Pocatière,QC
-123.47,63.23,PGA,0.0256,0.0351,0.0452,0.0794,0.1265,0.1954,0.2859,0.3189,0.4446,0.5911,658,Wrigley,NT
-134.88,67.43,PGA,0.0289,0.0371,0.0455,0.0724,0.1064,0.1507,0.2052,0.2251,0.3037,0.4035,659,Fort McPherson ,NT
-133.357,62.227,PGA,0.0079,0.0106,0.0136,0.0254,0.0439,0.0719,0.1107,0.126,0.1912,0.2836,660,Faro,YT
-137.54,60.78,PGA,0.0601,0.0782,0.097,0.1592,0.2364,0.3289,0.4333,0.4664,0.5948,0.7384,661,Haines Junction,YT
-115.35,51.09,PGA,0.0049,0.0078,0.0114,0.025,0.0454,0.0751,0.1132,0.1276,0.1859,0.2635,662,Canmore,AB
-128.14,52.16,PGA,0.0184,0.0229,0.0273,0.0407,0.0559,0.0744,0.095,0.1024,0.1315,0.1727,663,Bella Bella,BC
-126.75,52.37,PGA,0.0099,0.0131,0.0163,0.0267,0.0396,0.0558,0.0758,0.0831,0.1136,0.158,664,Bella Coola,BC
-132.08,53.26,PGA,0.1329,0.1706,0.2069,0.3183,0.4401,0.5725,0.7104,0.7566,0.9052,1.0691,665,Queen Charlotte City,BC
-130,58.44,PGA,0.003,0.0039,0.0049,0.0087,0.0146,0.0244,0.0385,0.0442,0.0683,0.1035,666,Dease Lake ,BC
-126.05,49.78,PGA,0.0474,0.0606,0.0746,0.1289,0.2103,0.3161,0.431,0.4655,0.6,0.7425,667,Gold River ,BC
-127.45,50.38,PGA,0.116,0.1474,0.1779,0.27,0.3763,0.5027,0.6437,0.6895,0.8524,1.0357,668,Port Alice ,BC
-126.65,49.93,PGA,0.0887,0.1129,0.138,0.2227,0.328,0.4522,0.5825,0.6268,0.7758,0.9324,669,Tahsis,BC
-125.13,48.83,PGA,0.0369,0.0485,0.0609,0.1108,0.2201,0.4212,0.6239,0.6842,0.8935,1.113,670,Bamfield,BC
-124.4,48.56,PGA,0.0552,0.0719,0.0895,0.1572,0.2712,0.4366,0.6156,0.6702,0.864,1.072,671,Port Renfrew ,BC
-124.05,48.42,PGA,0.0637,0.0821,0.1015,0.1725,0.2806,0.4299,0.5901,0.6432,0.8237,1.0218,672,Jordan River ,BC
-123.72,48.38,PGA,0.0747,0.0961,0.1182,0.195,0.2982,0.4267,0.5611,0.6103,0.769,0.9354,673,Sooke,BC
-123.5,48.45,PGA,0.0833,0.1071,0.1313,0.2105,0.3091,0.4264,0.5487,0.5928,0.7408,0.8978,674,Langford,BC
-123.82,48.99,PGA,0.0693,0.0893,0.1096,0.1758,0.2546,0.347,0.4484,0.48,0.6009,0.7298,675,Ladysmith,BC
-124.33,49.32,PGA,0.0482,0.0634,0.0791,0.1324,0.2001,0.2839,0.3738,0.4056,0.5128,0.6371,676,Parksville,BC
-123.75,49.47,PGA,0.0472,0.0618,0.0765,0.1236,0.1823,0.254,0.3341,0.3614,0.4634,0.5804,677,Sechelt,BC
-122.96,50.12,PGA,0.0201,0.0267,0.0335,0.0569,0.0876,0.1293,0.1825,0.2028,0.2872,0.4004,678,Whistler ,BC
-122.8,49.02,PGA,0.0574,0.0732,0.0886,0.1379,0.1958,0.2673,0.3466,0.374,0.4748,0.5922,679,White Rock ,BC
-82.657,46.381,PGA,0.003,0.0041,0.0052,0.01,0.0163,0.0255,0.0378,0.0426,0.0623,0.0883,680,Elliot Lake ,ON
-80.394,44.17,PGA,0.0043,0.006,0.0079,0.0147,0.0236,0.0357,0.0509,0.0566,0.0788,0.1075,681,Dundalk,ON
-80.204,44.076,PGA,0.0044,0.0062,0.0083,0.0156,0.0252,0.0386,0.0555,0.0618,0.0862,0.1177,682,Shelburne,ON
-73.554,45.509,PGA,0.0192,0.0275,0.0369,0.0741,0.1316,0.2182,0.3342,0.3778,0.553,0.7787,683,Montréal (city hall),QC
