NBCC Sa(0.5) second values for building code localities,,,,,,,,,,,,,,,
"mean values, soil class C",,,,,,,,,,,,,,,
,,,Annual probability,,,,,,,,,,,,
Longitude,Latitude,Parameter,0.02,0.01375,0.01,0.00445,0.0021,0.001,0.0005,0.000404,0.0002,0.0001,Ref No.,Location,Prov.
-121.283,51.65,0.5,0.0137,0.0176,0.0215,0.0348,0.0522,0.0754,0.1033,0.1132,0.1531,0.2053,1,100 Mile House,BC
-122.329,49.052,0.5,0.0847,0.1089,0.1331,0.21,0.3047,0.4201,0.5495,0.5964,0.7651,0.9615,2,Abbotsford,BC
-121.77,49.23,0.5,0.0563,0.0721,0.0875,0.137,0.1964,0.2704,0.354,0.3834,0.4929,0.6259,3,Agassiz,BC
-124.8,49.27,0.5,0.0805,0.1047,0.1307,0.23,0.3807,0.5931,0.8318,0.9118,1.1973,1.5121,4,Alberni,BC
-121.28,50.72,0.5,0.0201,0.0257,0.0314,0.0503,0.0752,0.1075,0.1465,0.1602,0.2135,0.2801,5,Ashcroft,BC
-121.4,57.38,0.5,0.0053,0.0075,0.01,0.0188,0.0315,0.0499,0.0742,0.0831,0.1191,0.1671,6,Beatton River,BC
-125.75,54.23,0.5,0.0131,0.0159,0.0186,0.0274,0.0384,0.0533,0.0725,0.0799,0.1114,0.1565,7,Burns Lake,BC
-121.32,50.8,0.5,0.0196,0.025,0.0306,0.0491,0.0735,0.1054,0.1436,0.1571,0.2094,0.2749,8,Cache Creek,BC
-125.24,50.02,0.5,0.062,0.0782,0.0952,0.1576,0.2507,0.3782,0.5259,0.5788,0.767,0.9755,9,Campbell River,BC
-119.12,49.5,0.5,0.0163,0.0207,0.0252,0.0395,0.0577,0.0814,0.1096,0.1196,0.1586,0.2085,10,Carmi,BC
-117.67,49.32,0.5,0.0134,0.0171,0.0208,0.0328,0.0476,0.0671,0.0913,0.1004,0.1372,0.1882,11,Castlegar,BC
-121.63,55.7,0.5,0.0052,0.0075,0.0103,0.0215,0.0395,0.0677,0.1064,0.1211,0.1825,0.2659,12,Chetwynd,BC
-121.95,49.167,0.5,0.0646,0.0826,0.1008,0.1578,0.2276,0.3143,0.4132,0.4477,0.5774,0.7363,13,Chilliwack,BC
-124.93,49.68,0.5,0.0665,0.0849,0.1044,0.1764,0.2836,0.4329,0.6062,0.664,0.8757,1.1141,14,Comox,BC
-124.98,49.68,0.5,0.0665,0.0848,0.1041,0.1762,0.2842,0.436,0.614,0.6723,0.8873,1.1288,15,Courtenay,BC
-115.77,49.5,0.5,0.0162,0.0216,0.0271,0.0448,0.0665,0.094,0.1264,0.1382,0.1829,0.2396,16,Cranbrook,BC
-117.55,49.45,0.5,0.0132,0.0169,0.0206,0.0325,0.0474,0.0671,0.0915,0.1005,0.1376,0.1889,17,Crescent Valley,BC
-123.65,48.87,0.5,0.1369,0.1797,0.2232,0.3662,0.5381,0.747,0.9671,1.0424,1.302,1.5884,18,Crofton,BC
-120.23,55.77,0.5,0.0044,0.0067,0.0095,0.0196,0.0347,0.0571,0.0866,0.0978,0.1427,0.2021,19,Dawson Creek,BC
-122.3,51.58,0.5,0.017,0.0217,0.0265,0.0428,0.0646,0.0932,0.1275,0.1399,0.1869,0.2458,20,Dog Creek,BC
-123.7,48.78,0.5,0.1397,0.1832,0.2281,0.3756,0.5559,0.7753,1.0088,1.0833,1.3637,1.6623,21,Duncan,BC
-115.12,49.3,0.5,0.02,0.0271,0.0341,0.057,0.0849,0.1196,0.16,0.1744,0.2281,0.2944,22,Elko,BC
-115.07,49.5,0.5,0.0186,0.0252,0.0318,0.0534,0.0808,0.116,0.1594,0.1754,0.2391,0.3245,23,Fernie,BC
-122.7,58.83,0.5,0.011,0.0146,0.0184,0.0308,0.0468,0.0682,0.0938,0.1032,0.1395,0.1862,24,Fort Nelson,BC
-120.85,56.25,0.5,0.0041,0.0062,0.0089,0.0188,0.0335,0.0551,0.0836,0.0943,0.1371,0.1928,25,Fort St. John,BC
-117.52,51.27,0.5,0.011,0.0149,0.019,0.0342,0.0561,0.0874,0.1277,0.1427,0.2021,0.2798,26,Glacier,BC
-116.97,51.3,0.5,0.0112,0.0155,0.0202,0.0378,0.0643,0.1032,0.1542,0.1738,0.2533,0.3604,27,Golden,BC
-118.45,49.03,0.5,0.0149,0.0189,0.0229,0.0357,0.0518,0.0731,0.0988,0.1082,0.1456,0.1956,28,Grand Forks,BC
-118.68,49.1,0.5,0.0156,0.0197,0.0239,0.0373,0.0543,0.0767,0.1035,0.1131,0.1512,0.2011,29,Greenwood,BC
-121.44,49.38,0.5,0.0438,0.0559,0.0681,0.1064,0.1533,0.212,0.2802,0.3043,0.3931,0.5029,30,Hope,BC
-120.32,50.67,0.5,0.016,0.0204,0.0249,0.0396,0.0585,0.0829,0.1121,0.1224,0.1627,0.2138,31,Kamloops,BC
-116.92,49.92,0.5,0.0127,0.0165,0.0204,0.0332,0.0495,0.0715,0.0988,0.1089,0.1491,0.2022,32,Kaslo,BC
-119.48,49.88,0.5,0.0165,0.021,0.0255,0.0401,0.0588,0.0828,0.1114,0.1215,0.1609,0.2108,33,Kelowna,BC
-115.98,49.68,0.5,0.0149,0.0198,0.0248,0.0408,0.0611,0.0871,0.1186,0.13,0.1747,0.232,34,Kimberley,BC
-128.63,54.05,0.5,0.0339,0.0408,0.0473,0.0678,0.092,0.1216,0.1551,0.1667,0.2105,0.2648,35,Kitimat Plant,BC
-128.65,54.07,0.5,0.034,0.0408,0.0474,0.0679,0.0921,0.1217,0.1552,0.1669,0.2106,0.2648,36,Kitimat Townsite,BC
-121.93,50.68,0.5,0.0245,0.0314,0.0385,0.0629,0.0953,0.1395,0.1939,0.2139,0.294,0.4005,37,Lillooet,BC
-121.57,50.23,0.5,0.0281,0.036,0.0441,0.0707,0.1052,0.151,0.207,0.2276,0.3082,0.4141,38,Lytton,BC
-123.08,55.3,0.5,0.0061,0.0084,0.0109,0.0211,0.038,0.065,0.1022,0.1163,0.1758,0.2569,39,Mackenzie,BC
-132.1,54.02,0.5,0.1417,0.1764,0.2091,0.3117,0.4272,0.5569,0.6992,0.747,0.9099,1.0938,40,Masset,BC
-120.17,53.3,0.5,0.0087,0.0124,0.0165,0.032,0.056,0.093,0.1447,0.1648,0.2494,0.3659,41,McBride,BC
-123.03,54.98,0.5,0.0064,0.0087,0.0113,0.021,0.0368,0.0619,0.0964,0.1096,0.1646,0.2404,42,McLeod Lake,BC
-120.783,50.1,0.5,0.0232,0.0296,0.036,0.0571,0.0839,0.1187,0.1602,0.1751,0.2312,0.3013,43,Merritt,BC
-122.3,49.13,0.5,0.0784,0.1006,0.1225,0.1937,0.2802,0.3861,0.5062,0.5484,0.7054,0.8892,44,Mission City,BC
-117.58,49.08,0.5,0.0138,0.0176,0.0214,0.0336,0.0487,0.0683,0.0924,0.1013,0.1379,0.1887,45,Montrose,BC
-117.8,50.23,0.5,0.0119,0.0154,0.0189,0.0306,0.0457,0.0662,0.092,0.1017,0.1405,0.1922,46,Nakusp,BC
-123.93,49.17,0.5,0.1137,0.1501,0.1881,0.3165,0.4735,0.6656,0.87,0.9399,1.1839,1.4582,47,Nanaimo,BC
-117.28,49.48,0.5,0.0132,0.017,0.0208,0.0331,0.0483,0.0685,0.0933,0.1025,0.1399,0.1912,48,Nelson,BC
-127.7,52.35,0.5,0.0432,0.0515,0.0599,0.0844,0.113,0.1473,0.1854,0.1983,0.2473,0.306,49,Ocean Falls,BC
-119.5,49.03,0.5,0.0206,0.0263,0.0319,0.0502,0.0736,0.1032,0.1381,0.1501,0.1966,0.2539,50,Osoyoos,BC
-119.58,49.5,0.5,0.0189,0.0241,0.0292,0.046,0.0672,0.0942,0.1259,0.1374,0.1801,0.2325,51,Penticton,BC
-124.8,49.233,0.5,0.0817,0.1064,0.133,0.2348,0.3911,0.6131,0.8588,0.9439,1.2388,1.5629,52,Port Alberni,BC
-127.42,50.7,0.5,0.1085,0.1383,0.1671,0.2571,0.3597,0.4817,0.6175,0.6608,0.8196,0.9988,53,Port Hardy,BC
-127.1,50.58,0.5,0.1064,0.1357,0.1641,0.2548,0.361,0.4894,0.6337,0.6805,0.8496,1.0411,54,Port McNeill,BC
-124.52,49.83,0.5,0.0627,0.0803,0.0989,0.1647,0.2548,0.3716,0.5066,0.554,0.728,0.9238,55,Powell River,BC
-122.75,53.92,0.5,0.0081,0.0105,0.013,0.022,0.0349,0.0539,0.0793,0.0888,0.1278,0.1802,56,Prince George,BC
-130.32,54.32,0.5,0.057,0.0689,0.0803,0.1148,0.1548,0.2015,0.2524,0.269,0.3295,0.3979,57,Prince Rupert,BC
-120.51,49.5,0.5,0.0275,0.0351,0.0429,0.0679,0.0997,0.1412,0.1911,0.2091,0.2802,0.3736,58,Princeton,BC
-124.45,49.35,0.5,0.0867,0.1138,0.1428,0.2472,0.3875,0.5668,0.7698,0.8335,1.074,1.3402,59,Qualicum Beach,BC
-122.48,52.98,0.5,0.0103,0.0131,0.016,0.026,0.0393,0.0573,0.0799,0.0882,0.1219,0.1673,60,Quesnel,BC
-118.2,50.98,0.5,0.0111,0.0146,0.0182,0.0305,0.047,0.0697,0.0982,0.1086,0.15,0.2034,61,Revelstoke,BC
-119.28,50.7,0.5,0.0129,0.0165,0.0202,0.0324,0.0481,0.0689,0.0944,0.1038,0.141,0.1909,62,Salmon Arm,BC
-131.82,53.25,0.5,0.1892,0.2418,0.294,0.4569,0.6463,0.8582,1.0829,1.154,1.4168,1.6941,63,Sandspit,BC
-123.4,48.65,0.5,0.1499,0.1956,0.2427,0.3921,0.5723,0.7881,1.0225,1.096,1.3779,1.6801,64,Sidney,BC
-126.43,59.88,0.5,0.0379,0.0511,0.0652,0.1136,0.1815,0.2773,0.4007,0.4466,0.6281,0.8581,65,Smith River,BC
-127.167,54.783,0.5,0.0164,0.0198,0.023,0.0332,0.0459,0.0624,0.0825,0.0899,0.1205,0.1631,66,Smithers,BC
-123.15,49.7,0.5,0.065,0.0842,0.1039,0.1693,0.2522,0.3557,0.4754,0.5164,0.6727,0.8552,67,Squamish,BC
-129.98,55.93,0.5,0.0274,0.0326,0.0374,0.0526,0.0709,0.0941,0.1217,0.1316,0.1709,0.2237,68,Stewart,BC
-120.69,56.2,0.5,0.0041,0.0062,0.0089,0.0187,0.0332,0.0545,0.0825,0.0929,0.135,0.1896,69,Taylor,BC
-128.6,54.52,0.5,0.0286,0.0343,0.0399,0.0574,0.0785,0.1045,0.1342,0.1447,0.1851,0.2368,70,Terrace,BC
-125.88,49.12,0.5,0.0738,0.0931,0.1141,0.2029,0.4066,0.7989,1.219,1.3654,1.8279,2.3159,71,Tofino,BC
-117.7,49.1,0.5,0.0137,0.0176,0.0213,0.0334,0.0484,0.0679,0.092,0.101,0.1375,0.1883,72,Trail,BC
-125.55,48.93,0.5,0.0699,0.0888,0.109,0.1923,0.3825,0.7942,1.2317,1.3824,1.8519,2.3539,73,Ucluelet,BC
-122.92,49.28,0.5,0.0896,0.1162,0.1435,0.2323,0.34,0.4731,0.625,0.6751,0.8612,1.0775,74,Burnaby (Simon Fraser Univ.),BC
-122.733,49.1,0.5,0.0974,0.1259,0.1547,0.2479,0.3593,0.496,0.6516,0.7038,0.8939,1.1133,75,Cloverdale,BC
-122.6,49.22,0.5,0.0829,0.107,0.1311,0.2089,0.3054,0.423,0.5536,0.6012,0.7709,0.967,76,Haney,BC
-123.08,49.08,0.5,0.1126,0.1468,0.1814,0.2926,0.4275,0.5879,0.7669,0.8242,1.0421,1.2826,77,Ladner,BC
-122.65,49.1,0.5,0.094,0.1213,0.1489,0.2382,0.3443,0.4757,0.6254,0.6749,0.859,1.0735,78,Langley,BC
-122.92,49.22,0.5,0.0947,0.1228,0.1515,0.245,0.3575,0.496,0.6535,0.7063,0.8985,1.1199,79,New Westminster,BC
-123.07,49.32,0.5,0.0912,0.1188,0.1469,0.2397,0.3516,0.49,0.6478,0.7006,0.8927,1.1142,80,North Vancouver,BC
-123.1,49.17,0.5,0.1055,0.1375,0.1697,0.275,0.403,0.5569,0.7298,0.7878,0.9982,1.232,81,Richmond,BC
-122.79,49.163,0.5,0.0945,0.1223,0.1504,0.242,0.3513,0.4864,0.6403,0.6916,0.8801,1.0982,82,Surrey (88 Ave & 156 St.),BC
-123.12,49.25,0.5,0.099,0.129,0.1594,0.2595,0.3809,0.5289,0.6963,0.7539,0.956,1.1852,83,Vancouver (city hall),BC
-123.14,49.234,0.5,0.1011,0.1317,0.1629,0.2651,0.3893,0.5396,0.7093,0.7679,0.973,1.2042,84,Vancouver (Granville & 41 Ave),BC
-123.17,49.33,0.5,0.0933,0.1216,0.1506,0.2464,0.363,0.5061,0.6685,0.7236,0.9211,1.1468,85,West Vancouver,BC
-119.27,50.3,0.5,0.0141,0.018,0.0218,0.0346,0.051,0.0727,0.0987,0.1081,0.1455,0.1948,86,Vernon,BC
-123.32,48.42,0.5,0.1551,0.2018,0.2499,0.4049,0.5947,0.821,1.069,1.149,1.4474,1.7778,87,Victoria Gonzales Height,BC
-123.33,48.47,0.5,0.1552,0.202,0.2499,0.4049,0.5928,0.8169,1.063,1.1421,1.4381,1.7635,88,Victoria Mt Tolmie,BC
-123.37,48.43,0.5,0.1543,0.2009,0.2488,0.4051,0.5967,0.8253,1.0765,1.1581,1.4608,1.7946,89,Victoria,BC
-122.15,52.133,0.5,0.0132,0.0168,0.0205,0.0332,0.0499,0.0724,0.0997,0.1096,0.1493,0.2024,90,Williams Lake,BC
-124.2,48.88,0.5,0.1194,0.1579,0.1986,0.3428,0.534,0.7766,1.0399,1.1231,1.4371,1.7801,91,Youbou,BC
-113.28,54.72,0.5,0.003,0.0042,0.0055,0.0109,0.0178,0.0271,0.0387,0.0431,0.0599,0.0817,92,Athabasca,AB
-115.57,51.17,0.5,0.0115,0.0161,0.0211,0.04,0.0683,0.1096,0.1635,0.1838,0.2651,0.372,93,Banff,AB
-114.4,54.13,0.5,0.004,0.0057,0.0077,0.0151,0.0249,0.0386,0.0566,0.0635,0.0923,0.1341,94,Barrhead,AB
-119.43,55.22,0.5,0.005,0.0075,0.0105,0.021,0.0367,0.0599,0.09,0.1016,0.1477,0.2093,95,Beaverlodge,AB
-111.88,50.58,0.5,0.0077,0.0108,0.0136,0.0225,0.0339,0.0491,0.0684,0.0757,0.1058,0.1485,96,Brooks,AB
-114.08,51.05,0.5,0.0103,0.014,0.0179,0.0316,0.0508,0.0783,0.1133,0.1263,0.178,0.2445,97,Calgary,AB
-114.65,54.13,0.5,0.0042,0.006,0.0082,0.0159,0.0263,0.041,0.0601,0.0674,0.0979,0.142,98,Campsie,AB
-112.83,53.02,0.5,0.0041,0.0057,0.0075,0.0142,0.0232,0.0357,0.0519,0.058,0.0828,0.1173,99,Camrose,AB
-113.3,49.2,0.5,0.0217,0.0297,0.0375,0.0633,0.0946,0.1352,0.1846,0.2027,0.2761,0.3764,100,Cardston,AB
-113.58,50.03,0.5,0.0145,0.0196,0.0249,0.0421,0.0645,0.0946,0.1333,0.1479,0.2079,0.2898,101,Claresholm,AB
-110.17,54.45,0.5,0.0019,0.003,0.0039,0.0078,0.0136,0.0212,0.0309,0.0345,0.0489,0.0683,102,Cold Lake,AB
-114.5,49.63,0.5,0.0188,0.0256,0.0325,0.0553,0.0848,0.1245,0.1756,0.1947,0.2734,0.3808,103,Coleman,AB
-111.45,52.08,0.5,0.0043,0.0058,0.0075,0.0135,0.0209,0.031,0.0435,0.048,0.0661,0.0892,104,Coronation,AB
-114.08,49.57,0.5,0.0193,0.0264,0.0335,0.0569,0.0869,0.1271,0.1782,0.1974,0.2762,0.3838,105,Cowley,AB
-112.7,51.47,0.5,0.0066,0.0092,0.0118,0.0203,0.0317,0.0477,0.0686,0.0765,0.1088,0.1537,106,Drumheller,AB
-113.47,53.55,0.5,0.004,0.0056,0.0075,0.0146,0.024,0.0372,0.0548,0.0616,0.0901,0.1318,107,Edmonton,AB
-116.43,53.58,0.5,0.0067,0.0102,0.0136,0.0263,0.0441,0.0688,0.0997,0.1109,0.1551,0.2117,108,Edson,AB
-111.47,58.45,0.5,0.0014,0.0024,0.0034,0.0069,0.0126,0.0198,0.0292,0.0327,0.0474,0.0681,109,Embarras Portage,AB
-118.38,56.07,0.5,0.0037,0.0055,0.0076,0.0156,0.0267,0.0426,0.0635,0.0714,0.1042,0.1499,110,Fairview,AB
-113.42,49.72,0.5,0.0164,0.0223,0.0283,0.0475,0.072,0.1043,0.1445,0.1596,0.2211,0.3055,111,Fort MacLeod,AB
-111.38,56.73,0.5,0.0017,0.0028,0.0037,0.0074,0.0131,0.0205,0.03,0.0336,0.0482,0.0685,112,Fort McMurray,AB
-113.22,53.72,0.5,0.0037,0.0052,0.0068,0.0133,0.0216,0.033,0.0474,0.0527,0.074,0.1015,113,Fort Saskatchewan,AB
-116,58.4,0.5,0.0025,0.0035,0.0045,0.0086,0.0144,0.0223,0.0324,0.0361,0.0512,0.0718,114,Fort Vermilion,AB
-118.8,55.17,0.5,0.0049,0.0073,0.0103,0.0204,0.0349,0.0558,0.0826,0.0926,0.1326,0.1852,115,Grande Prairie,AB
-118.73,58.83,0.5,0.0045,0.0059,0.0075,0.0131,0.0201,0.0295,0.0411,0.0454,0.0622,0.0839,116,Habay,AB
-111.3,52.67,0.5,0.0037,0.005,0.0064,0.0119,0.0187,0.028,0.0395,0.0438,0.0605,0.082,117,Hardisty,AB
-113.87,50.58,0.5,0.0118,0.0161,0.0204,0.0353,0.0556,0.084,0.1205,0.1342,0.1886,0.2599,118,High River,AB
-117.58,53.4,0.5,0.0087,0.0131,0.018,0.0367,0.0646,0.1057,0.1604,0.1815,0.2672,0.3823,119,Hinton,AB
-118.08,52.88,0.5,0.01,0.0147,0.0199,0.0399,0.0695,0.1124,0.1688,0.1899,0.2753,0.3885,120,Jasper,AB
-117.62,57.75,0.5,0.0031,0.0042,0.0055,0.0105,0.0172,0.0265,0.0381,0.0425,0.0594,0.0813,121,Keg River,AB
-111.97,54.77,0.5,0.0024,0.0035,0.0046,0.0091,0.0152,0.0234,0.0338,0.0376,0.053,0.0736,122,Lac la Biche,AB
-113.73,52.47,0.5,0.0056,0.008,0.0107,0.0196,0.0323,0.0498,0.0725,0.0809,0.1148,0.1606,123,Lacombe,AB
-112.82,49.7,0.5,0.0146,0.0196,0.0248,0.041,0.0608,0.0854,0.1144,0.1247,0.1647,0.2152,124,Lethbridge,AB
-117.62,56.92,0.5,0.0029,0.0042,0.0057,0.0117,0.0196,0.0305,0.0442,0.0491,0.0692,0.0949,125,Manning,AB
-110.67,50.05,0.5,0.0068,0.0095,0.0121,0.0198,0.0291,0.0408,0.0545,0.0595,0.0786,0.1029,126,Medicine Hat,AB
-117.28,56.23,0.5,0.0033,0.0048,0.0065,0.0133,0.0222,0.0349,0.0516,0.0579,0.0841,0.121,127,Peace River,AB
-113.95,49.48,0.5,0.0202,0.0276,0.035,0.0596,0.0903,0.1313,0.1829,0.202,0.2804,0.3874,128,Pincher Creek,AB
-111.68,53.42,0.5,0.0033,0.0045,0.0059,0.0112,0.0179,0.0269,0.0381,0.0423,0.0586,0.0799,129,Ranfurly,AB
-113.8,52.27,0.5,0.006,0.0086,0.0114,0.0209,0.0342,0.0528,0.0766,0.0852,0.1202,0.1667,130,Red Deer,AB
-114.92,52.37,0.5,0.0074,0.0108,0.0143,0.0272,0.0455,0.0713,0.1037,0.1154,0.1625,0.2228,131,Rocky Mountain House,AB
-114.77,55.28,0.5,0.0033,0.0046,0.0061,0.012,0.0195,0.0299,0.0427,0.0473,0.0658,0.0895,132,Slave Lake,AB
-112.72,52.32,0.5,0.0051,0.007,0.0093,0.0166,0.0266,0.0407,0.0594,0.0665,0.0962,0.1388,133,Stettler,AB
-114,53.53,0.5,0.0044,0.0063,0.0085,0.0163,0.0269,0.0419,0.0615,0.0689,0.1,0.1444,134,Stony Plain,AB
-111.17,50.2,0.5,0.0074,0.0105,0.0131,0.0216,0.032,0.0454,0.0618,0.0679,0.0924,0.1264,135,Suffield,AB
-112.15,49.78,0.5,0.0119,0.016,0.0201,0.0331,0.0488,0.0688,0.0922,0.1007,0.1337,0.1769,136,Taber,AB
-114.28,50.67,0.5,0.0121,0.0166,0.0213,0.0379,0.0619,0.0974,0.1455,0.1639,0.2407,0.3453,137,Turner Valley,AB
-117.28,55.07,0.5,0.0045,0.0067,0.0093,0.0182,0.0306,0.0478,0.0702,0.0785,0.1121,0.1583,138,Valleyview,AB
-112.05,53.5,0.5,0.0032,0.0044,0.0057,0.0111,0.018,0.0275,0.0393,0.0437,0.0608,0.0827,139,Vegreville,AB
-110.85,53.37,0.5,0.003,0.0041,0.0053,0.0102,0.0163,0.0247,0.035,0.0388,0.0541,0.0745,140,Vermilion,AB
-114.98,55.35,0.5,0.0033,0.0046,0.0062,0.0122,0.0198,0.0303,0.0434,0.0481,0.0671,0.0913,141,Wagner,AB
-110.87,52.82,0.5,0.0034,0.0045,0.0058,0.0109,0.0173,0.0259,0.0365,0.0405,0.0561,0.0767,142,Wainwright,AB
-113.37,52.97,0.5,0.0046,0.0065,0.0086,0.0163,0.0268,0.0418,0.0613,0.0687,0.1,0.1444,143,Wetaskiwin,AB
-115.68,54.15,0.5,0.0049,0.0072,0.01,0.019,0.0315,0.0486,0.0707,0.0789,0.1121,0.1579,144,Whitecourt,AB
-113.58,51.87,0.5,0.0068,0.0097,0.0125,0.0221,0.0355,0.0544,0.0785,0.0872,0.1226,0.1693,145,Wimborne,AB
-105.98,49.63,0.5,0.0026,0.004,0.0058,0.0138,0.0266,0.0452,0.0683,0.0767,0.108,0.1465,146,Assiniboia,SK
-108.33,50.55,0.5,0.0035,0.0047,0.0061,0.0114,0.0183,0.0275,0.0386,0.0427,0.0578,0.0772,147,Battrum,SK
-108,52.07,0.5,0.0025,0.0036,0.0047,0.0092,0.0154,0.0235,0.0333,0.0369,0.0512,0.0702,148,Biggar,SK
-102.58,50.37,0.5,0.0015,0.0029,0.0042,0.01,0.0183,0.0296,0.0433,0.0479,0.0663,0.0885,149,Broadview,SK
-104.53,51.75,0.5,0.0017,0.003,0.0042,0.0091,0.0161,0.0252,0.036,0.04,0.0553,0.075,150,Dafoe,SK
-106.5,51.82,0.5,0.0019,0.0031,0.0042,0.0091,0.0158,0.0245,0.0349,0.0387,0.0534,0.0726,151,Dundurn,SK
-102.98,49.13,0.5,0.0014,0.003,0.0046,0.0125,0.0246,0.0423,0.0642,0.0721,0.1026,0.1397,152,Estevan,SK
-102.38,52.85,0.5,0.0014,0.0024,0.0035,0.0073,0.0134,0.0211,0.0307,0.0342,0.0488,0.0686,153,Hudson Bay,SK
-105.12,52.2,0.5,0.0017,0.003,0.004,0.0087,0.0152,0.0236,0.0338,0.0374,0.0521,0.0714,154,Humboldt,SK
-102.35,55.53,0.5,0.001,0.0017,0.0027,0.0059,0.0112,0.0185,0.0281,0.0318,0.0468,0.0674,155,Island Falls,SK
-101.9,51.57,0.5,0.0013,0.0024,0.0036,0.0079,0.0146,0.0231,0.0335,0.0373,0.0522,0.0719,156,Kamsack,SK
-109.17,51.47,0.5,0.0034,0.0045,0.0058,0.0108,0.017,0.0253,0.0355,0.0392,0.0538,0.0731,157,Kindersley,SK
-110,53.28,0.5,0.0027,0.0038,0.0049,0.0095,0.0154,0.0234,0.0333,0.0369,0.0516,0.0712,158,Lloydminster,SK
-109.48,49.92,0.5,0.005,0.0069,0.009,0.0153,0.0228,0.0324,0.0437,0.0476,0.0633,0.0832,159,Maple Creek,SK
-108.43,54.13,0.5,0.002,0.0031,0.0041,0.0082,0.0141,0.0216,0.031,0.0345,0.0488,0.0683,160,Meadow Lake,SK
-104.62,52.87,0.5,0.0017,0.0029,0.0039,0.0082,0.0143,0.0221,0.0317,0.0353,0.0496,0.0691,161,Melfort,SK
-102.8,50.92,0.5,0.0016,0.0029,0.0041,0.0095,0.0171,0.0272,0.0394,0.0439,0.0606,0.0814,162,Melville,SK
-105.53,50.4,0.5,0.0019,0.0034,0.0048,0.0117,0.0215,0.035,0.0514,0.0574,0.0795,0.1059,163,Moose Jaw,SK
-104,53.37,0.5,0.0017,0.0028,0.0038,0.0079,0.0139,0.0213,0.0308,0.0343,0.0486,0.0683,164,Nipawin,SK
-108.28,52.78,0.5,0.0021,0.0033,0.0043,0.0087,0.0147,0.0225,0.0322,0.0356,0.0499,0.0691,165,North Battleford,SK
-105.77,53.2,0.5,0.0018,0.003,0.004,0.0082,0.0142,0.0218,0.0313,0.0348,0.049,0.0684,166,Prince Albert,SK
-103.88,50.55,0.5,0.0017,0.0032,0.0045,0.011,0.0201,0.0329,0.0483,0.0538,0.0751,0.1005,167,Qu'Appelle,SK
-104.62,50.45,0.5,0.0018,0.0033,0.0048,0.0117,0.0218,0.0358,0.0531,0.0596,0.0831,0.1118,168,Regina,SK
-108,51.55,0.5,0.0027,0.0038,0.005,0.0097,0.0161,0.0246,0.0348,0.0385,0.0529,0.0719,169,Rosetown,SK
-106.63,52.12,0.5,0.0019,0.0031,0.0042,0.0088,0.0153,0.0236,0.0336,0.0373,0.0517,0.0709,170,Saskatoon,SK
-108.83,52.37,0.5,0.0027,0.0037,0.0048,0.0093,0.0153,0.0233,0.033,0.0365,0.0508,0.0698,171,Scott,SK
-104.95,51.07,0.5,0.0018,0.0032,0.0045,0.0103,0.0183,0.029,0.042,0.0465,0.064,0.0855,172,Strasbourg,SK
-107.8,50.28,0.5,0.0033,0.0046,0.006,0.0114,0.0189,0.0291,0.0412,0.0454,0.0619,0.082,173,Swift Current,SK
-108.62,59.57,0.5,0.001,0.0017,0.0026,0.0057,0.0111,0.0184,0.0279,0.0315,0.0464,0.0666,174,Uranium City,SK
-103.85,49.67,0.5,0.0017,0.0034,0.0052,0.0143,0.0292,0.0524,0.0846,0.0971,0.1497,0.2252,175,Weyburn,SK
-102.47,51.22,0.5,0.0013,0.0024,0.0036,0.0084,0.0156,0.025,0.0362,0.0404,0.0561,0.0762,176,Yorkton,SK
-96.517,50.067,0.5,0.0009,0.0015,0.0024,0.0056,0.0112,0.0188,0.0289,0.0327,0.0481,0.069,177,Beausejour,MB
-100.05,49.233,0.5,0.001,0.0019,0.0031,0.0072,0.014,0.0227,0.0333,0.0371,0.0523,0.0722,178,Boissevain,MB
-99.95,49.833,0.5,0.0008,0.0014,0.0022,0.0052,0.0105,0.0177,0.0274,0.0311,0.0464,0.0671,179,Brandon,MB
-94.12,58.75,0.5,0.0012,0.002,0.003,0.0062,0.0117,0.019,0.0285,0.0321,0.0471,0.0681,180,Churchill,MB
-100.05,51.15,0.5,0.0012,0.0021,0.0033,0.0072,0.0135,0.0214,0.0314,0.035,0.0498,0.0696,181,Dauphin,MB
-101.88,54.77,0.5,0.0013,0.0023,0.0033,0.0069,0.0125,0.0198,0.0292,0.0328,0.0474,0.0678,182,Flin Flon,MB
-96.99,50.64,0.5,0.0009,0.0016,0.0025,0.0057,0.0112,0.0188,0.0287,0.0324,0.0477,0.0685,183,Gimli,MB
-94.667,53.867,0.5,0.0012,0.0019,0.003,0.0062,0.0118,0.0192,0.0288,0.0325,0.0476,0.0684,184,Island Lake,MB
-96.06,50.27,0.5,0.0009,0.0016,0.0025,0.0058,0.0114,0.0191,0.0293,0.0332,0.0487,0.0696,185,Lac du Bonnet,MB
-101.05,56.85,0.5,0.0011,0.0018,0.0028,0.006,0.0114,0.0186,0.0282,0.0318,0.0468,0.0676,186,Lynn Lake,MB
-98.1,49.183,0.5,0.0008,0.0013,0.0021,0.005,0.0102,0.0174,0.027,0.0307,0.0458,0.0666,187,Morden,MB
-99.467,50.233,0.5,0.0009,0.0015,0.0023,0.0054,0.0107,0.018,0.0277,0.0315,0.0466,0.0674,188,Neepawa,MB
-96.217,50.567,0.5,0.0009,0.0016,0.0025,0.0058,0.0114,0.0191,0.0292,0.033,0.0485,0.0694,189,Pine Falls,MB
-98.29,50,0.5,0.0008,0.0014,0.0023,0.0054,0.0107,0.0181,0.0278,0.0315,0.0468,0.0676,190,Portage la Prairie,MB
-100.233,50.033,0.5,0.0011,0.002,0.0033,0.0074,0.0142,0.0229,0.0335,0.0373,0.0524,0.0722,191,Rivers,MB
-96.3,49.36,0.5,0.0008,0.0014,0.0022,0.0054,0.0108,0.0183,0.0283,0.032,0.0475,0.0683,192,Sandilands,MB
-96.867,50.15,0.5,0.0009,0.0015,0.0024,0.0056,0.0111,0.0186,0.0286,0.0323,0.0477,0.0684,193,Selkirk,MB
-96.1,56.25,0.5,0.0011,0.0018,0.0028,0.0059,0.0113,0.0186,0.0282,0.0318,0.047,0.068,194,Split Lake,MB
-96.683,49.533,0.5,0.0008,0.0014,0.0022,0.0054,0.0108,0.0183,0.0282,0.032,0.0473,0.0681,195,Steinbach,MB
-101.27,52.14,0.5,0.0013,0.0023,0.0035,0.0074,0.0136,0.0214,0.0313,0.0348,0.0494,0.0693,196,Swan River,MB
-101.25,53.87,0.5,0.0014,0.0023,0.0034,0.007,0.0127,0.0201,0.0295,0.033,0.0477,0.0679,197,The Pas,MB
-97.86,55.79,0.5,0.0011,0.0018,0.0028,0.0059,0.0113,0.0186,0.0282,0.0319,0.047,0.068,198,Thompson,MB
-100.93,49.86,0.5,0.0011,0.002,0.0033,0.0079,0.0153,0.0249,0.0363,0.0405,0.0564,0.0767,199,Virden,MB
-97.15,49.89,0.5,0.0008,0.0015,0.0023,0.0055,0.0109,0.0184,0.0282,0.032,0.0473,0.0681,200,Winnipeg,MB
-81.55,43.13,0.5,0.005,0.0072,0.0099,0.0181,0.0285,0.0421,0.0584,0.0644,0.0874,0.1172,201,Ailsa Craig,ON
-79.03,43.85,0.5,0.0078,0.0114,0.0149,0.027,0.0437,0.0676,0.1005,0.1135,0.1699,0.2537,202,Ajax,ON
-74.63,45.32,0.5,0.0206,0.0282,0.0363,0.066,0.1099,0.1773,0.2716,0.309,0.468,0.6958,203,Alexandria,ON
-79.87,44.15,0.5,0.0065,0.0096,0.0126,0.0225,0.0349,0.0509,0.0698,0.0765,0.1014,0.1315,204,Alliston,ON
-76.2,45.23,0.5,0.0156,0.021,0.0267,0.0461,0.0731,0.1123,0.1663,0.1877,0.2818,0.4258,205,Almonte,ON
-89.03,50.3,0.5,0.0013,0.0022,0.0033,0.0071,0.0135,0.022,0.0331,0.0373,0.0543,0.0774,206,Armstrong,ON
-76.35,45.43,0.5,0.0159,0.0214,0.0272,0.0472,0.0755,0.1174,0.1767,0.2007,0.3071,0.4709,207,Arnprior,ON
-91.62,48.75,0.5,0.0008,0.0014,0.0023,0.0057,0.0119,0.0206,0.0327,0.0374,0.0574,0.0857,208,Atikokan,ON
-79.47,44,0.5,0.007,0.0104,0.0136,0.0243,0.0381,0.0564,0.0789,0.0868,0.1181,0.158,209,Aurora,ON
-77.85,45.05,0.5,0.0108,0.0147,0.0187,0.0319,0.0486,0.0703,0.0956,0.1046,0.1384,0.179,210,Bancroft,ON
-79.67,44.4,0.5,0.0069,0.0101,0.0131,0.0232,0.0357,0.0517,0.0703,0.0768,0.1009,0.1293,211,Barrie,ON
-76.47,44.23,0.5,0.0122,0.0164,0.0205,0.0342,0.0516,0.0742,0.1007,0.11,0.1467,0.1933,212,Barriefield,ON
-79.15,44.43,0.5,0.0078,0.0112,0.0144,0.0251,0.0385,0.0555,0.0755,0.0822,0.1079,0.1387,213,Beaverton,ON
-77.383,44.167,0.5,0.0102,0.014,0.0178,0.0307,0.047,0.0686,0.0952,0.1051,0.1453,0.2024,214,Belleville,ON
-81.08,42.88,0.5,0.0054,0.0079,0.0107,0.0195,0.0311,0.0465,0.0658,0.0729,0.1015,0.14,215,Belmont,ON
-90,53.83,0.5,0.0013,0.0022,0.0032,0.0066,0.0123,0.0197,0.0294,0.0331,0.0482,0.069,216,Kitchenuhmaykoosib,ON
-79.88,44.27,0.5,0.0066,0.0096,0.0126,0.0224,0.0347,0.0503,0.0686,0.0751,0.0989,0.1274,217,CFB Borden,ON
-79.3,45.03,0.5,0.0077,0.0111,0.0144,0.0253,0.0391,0.0566,0.0771,0.0839,0.1103,0.1418,218,Bracebridge,ON
-79.57,44.12,0.5,0.0069,0.0102,0.0133,0.0236,0.0368,0.0538,0.0742,0.0813,0.1086,0.1422,219,Bradford,ON
-79.77,43.68,0.5,0.0066,0.0099,0.0131,0.0241,0.0387,0.0591,0.0854,0.0954,0.136,0.1908,220,Brampton,ON
-80.27,43.13,0.5,0.0059,0.0088,0.0119,0.022,0.0356,0.0546,0.0796,0.089,0.1282,0.1828,221,Brantford,ON
-77.73,44.03,0.5,0.0092,0.0129,0.0167,0.0293,0.0456,0.0676,0.0955,0.1061,0.1505,0.2161,222,Brighton,ON
-75.68,44.59,0.5,0.015,0.0202,0.0256,0.0437,0.068,0.101,0.1418,0.1567,0.216,0.2939,223,Brockville,ON
-79.4,45.62,0.5,0.0081,0.0117,0.0152,0.027,0.0426,0.063,0.0875,0.0963,0.1297,0.1707,224,Burk's Falls,ON
-79.8,43.32,0.5,0.0065,0.0098,0.0131,0.0251,0.0427,0.0705,0.1129,0.1306,0.2092,0.3262,225,Burlington,ON
-80.32,43.38,0.5,0.006,0.0089,0.0119,0.0217,0.0348,0.0526,0.0755,0.0839,0.1185,0.1656,226,Cambridge,ON
-77.8,44.3,0.5,0.0093,0.013,0.0167,0.0292,0.0448,0.0649,0.0887,0.0972,0.13,0.1719,227,Campbellford,ON
-79.03,44.35,0.5,0.0079,0.0114,0.0147,0.0255,0.0392,0.0566,0.0772,0.0841,0.1108,0.1431,228,Cannington,ON
-76.15,45.13,0.5,0.0154,0.0208,0.0263,0.0451,0.0709,0.1073,0.1558,0.1746,0.2543,0.3714,229,Carleton Place,ON
-78.47,44.2,0.5,0.0086,0.0122,0.0157,0.0274,0.0423,0.0616,0.0842,0.0923,0.1235,0.1629,230,Cavan,ON
-81.47,43.28,0.5,0.0051,0.0073,0.01,0.0182,0.0285,0.0419,0.0578,0.0636,0.0857,0.1139,231,Centralia,ON
-83.4,47.83,0.5,0.0036,0.0051,0.0069,0.0136,0.0219,0.0327,0.0454,0.0498,0.0674,0.089,232,Chapleau,ON
-82.18,42.4,0.5,0.0044,0.0066,0.0092,0.0176,0.0286,0.0435,0.0625,0.0695,0.0983,0.1379,233,Chatham,ON
-81.08,44.28,0.5,0.0055,0.0079,0.0106,0.0189,0.0293,0.0423,0.057,0.0624,0.0818,0.1054,234,Chesley,ON
-81.53,43.62,0.5,0.005,0.0073,0.0099,0.0179,0.0278,0.0405,0.0553,0.0608,0.0807,0.1056,235,Clinton,ON
-78.8,44.65,0.5,0.0085,0.0119,0.0153,0.0265,0.0405,0.0583,0.0788,0.0857,0.112,0.1433,236,Coboconk,ON
-78.17,43.97,0.5,0.0088,0.0124,0.0161,0.0285,0.0447,0.0668,0.0952,0.106,0.1511,0.2172,237,Cobourg,ON
-81.02,49.07,0.5,0.0051,0.0076,0.0107,0.0207,0.0354,0.0583,0.093,0.1074,0.1722,0.2691,238,Cochrane,ON
-77.88,44,0.5,0.009,0.0127,0.0164,0.029,0.0453,0.0673,0.0955,0.1062,0.1512,0.2178,239,Colborne,ON
-80.22,44.48,0.5,0.0063,0.0091,0.0121,0.0214,0.0331,0.0477,0.0647,0.0706,0.0923,0.1184,240,Collingwood,ON
-74.73,45.03,0.5,0.0198,0.0273,0.0352,0.0647,0.1088,0.1761,0.2699,0.3069,0.4648,0.69,241,Cornwall,ON
-82.43,42.88,0.5,0.0046,0.0067,0.0091,0.0168,0.0265,0.039,0.0542,0.0598,0.0814,0.1096,242,Corunna,ON
-77.5,46.1,0.5,0.0147,0.02,0.0256,0.0454,0.0745,0.1189,0.1825,0.2081,0.3215,0.4942,243,Deep River,ON
-77.05,44.2,0.5,0.0106,0.0145,0.0184,0.0316,0.0481,0.0699,0.0962,0.1059,0.1446,0.1978,244,Deseronto,ON
-81.07,42.98,0.5,0.0054,0.0079,0.0107,0.0194,0.0309,0.0459,0.0648,0.0717,0.0993,0.1363,245,Dorchester,ON
-88.53,48.78,0.5,0.0011,0.0018,0.0029,0.0064,0.0124,0.0205,0.0311,0.035,0.0508,0.0719,246,Dorion,ON
-82.18,42.58,0.5,0.0048,0.007,0.0096,0.0178,0.0283,0.0424,0.06,0.0666,0.0931,0.1293,247,Dresden,ON
-92.75,49.78,0.5,0.0009,0.0016,0.0027,0.0064,0.0129,0.0222,0.0348,0.0397,0.0602,0.0886,248,Dryden,ON
-79.62,42.9,0.5,0.0064,0.0097,0.013,0.0247,0.0416,0.0674,0.1046,0.1194,0.183,0.2742,249,Dunnville,ON
-80.82,44.17,0.5,0.0056,0.0081,0.0109,0.0195,0.0303,0.0439,0.0595,0.0649,0.0853,0.1101,250,Durham,ON
-81.5,42.67,0.5,0.0051,0.0075,0.0104,0.019,0.0303,0.0456,0.0649,0.0721,0.1013,0.1409,251,Dutton,ON
-79.82,47.72,0.5,0.0079,0.0114,0.0149,0.0268,0.0433,0.0664,0.0966,0.1079,0.1543,0.2188,252,Earlton,ON
-93.55,49.8,0.5,0.0009,0.0016,0.0027,0.0063,0.0127,0.0217,0.034,0.0388,0.0589,0.0871,253,Edison,ON
-79.87,44.58,0.5,0.0067,0.0098,0.0127,0.0226,0.0348,0.0503,0.0682,0.0744,0.0973,0.1244,254,Elmvale,ON
-80.9,43.15,0.5,0.0055,0.0081,0.0109,0.0197,0.0313,0.0464,0.0651,0.0719,0.099,0.1348,255,Embro,ON
-79.87,47.82,0.5,0.0077,0.0112,0.0145,0.0261,0.042,0.0642,0.0931,0.1041,0.1489,0.2121,256,Englehart,ON
-81.77,46.25,0.5,0.0051,0.0073,0.01,0.0182,0.0286,0.0419,0.0574,0.063,0.0839,0.1099,257,Espanola,ON
-81.48,43.35,0.5,0.0051,0.0073,0.01,0.0181,0.0284,0.0416,0.0573,0.063,0.0845,0.1118,258,Exeter,ON
-78.75,44.53,0.5,0.0084,0.0119,0.0153,0.0265,0.0406,0.0584,0.0789,0.0859,0.1125,0.1442,259,Fenelon Falls,ON
-80.37,43.7,0.5,0.006,0.0088,0.0117,0.0211,0.0332,0.0489,0.0681,0.075,0.1014,0.1347,260,Fergus,ON
-82,43.1,0.5,0.0048,0.0069,0.0094,0.0173,0.0272,0.0399,0.0552,0.0608,0.0823,0.1098,261,Forest,ON
-78.93,42.9,0.5,0.0072,0.0108,0.0145,0.0277,0.0479,0.0811,0.1314,0.1517,0.2395,0.3614,262,Fort Erie,ON
-79.05,42.88,0.5,0.0071,0.0107,0.0143,0.0273,0.0471,0.0798,0.1292,0.1492,0.2357,0.3568,263,Fort Erie (Ridgeway),ON
-93.39,48.61,0.5,0.0008,0.0013,0.0021,0.0054,0.0112,0.0195,0.0309,0.0354,0.0544,0.0818,264,Fort Frances,ON
-76.17,44.33,0.5,0.013,0.0174,0.0218,0.0365,0.0553,0.0799,0.1089,0.1192,0.1593,0.21,265,Gananoque,ON
-86.95,49.73,0.5,0.0013,0.0023,0.0034,0.0071,0.0133,0.0214,0.0318,0.0355,0.0508,0.0712,266,Geraldton,ON
-81.72,42.75,0.5,0.005,0.0073,0.01,0.0184,0.0292,0.0437,0.0618,0.0684,0.0954,0.1321,267,Glencoe,ON
-81.72,43.75,0.5,0.0049,0.0071,0.0096,0.0174,0.0271,0.0393,0.0535,0.0586,0.0777,0.1012,268,Goderich,ON
-82.47,45.92,0.5,0.0047,0.0066,0.009,0.0164,0.0254,0.0367,0.0499,0.0545,0.0724,0.0946,269,Gore Bay,ON
-90.57,49.25,0.5,0.001,0.0018,0.0029,0.0066,0.0131,0.0222,0.0346,0.0394,0.0595,0.0878,270,Graham,ON
-79.37,44.92,0.5,0.0075,0.0109,0.0141,0.0248,0.0382,0.0552,0.075,0.0817,0.1071,0.1374,271,Gravenhurst (Muskoka Airport),ON
-79.57,43.2,0.5,0.0067,0.0102,0.0137,0.0266,0.0461,0.0778,0.1261,0.1458,0.2318,0.3537,272,Grimsby,ON
-80.25,43.55,0.5,0.0061,0.009,0.012,0.0219,0.0347,0.052,0.0737,0.0815,0.1131,0.1545,273,Guelph,ON
-79.55,44.47,0.5,0.0071,0.0103,0.0134,0.0236,0.0363,0.0525,0.0713,0.0779,0.1021,0.1307,274,Guthrie,ON
-79.63,47.45,0.5,0.0088,0.0126,0.0165,0.0299,0.0489,0.0768,0.1129,0.1265,0.1819,0.2564,275,Haileybury,ON
-79.93,43.07,0.5,0.0062,0.0093,0.0126,0.0238,0.0397,0.0638,0.0981,0.1119,0.1722,0.2606,276,Haldimand (Caledonia),ON
-80.05,42.97,0.5,0.006,0.009,0.0122,0.0227,0.0371,0.0577,0.0851,0.0956,0.1389,0.1987,277,Haldimand (Hagersville),ON
-78.52,45.05,0.5,0.0097,0.0134,0.017,0.0291,0.0444,0.064,0.0865,0.0944,0.124,0.1594,278,Haliburton,ON
-79.92,43.65,0.5,0.0065,0.0096,0.0127,0.0233,0.0373,0.0566,0.0811,0.0902,0.1273,0.1767,279,Halton Hills (Georgetown),ON
-79.86,43.25,0.5,0.0064,0.0097,0.013,0.0247,0.042,0.0692,0.1108,0.1281,0.2059,0.3226,280,Hamilton,ON
-81.03,44.15,0.5,0.0055,0.0079,0.0106,0.019,0.0295,0.0427,0.0576,0.063,0.0828,0.1069,281,Hanover,ON
-77.95,44.3,0.5,0.0092,0.0129,0.0166,0.0288,0.0442,0.0639,0.0871,0.0954,0.1272,0.1674,282,Hastings,ON
-74.62,45.6,0.5,0.0208,0.0282,0.0359,0.0637,0.1033,0.1609,0.2383,0.2678,0.3909,0.5628,283,Hawkesbury,ON
-83.67,49.68,0.5,0.0031,0.0044,0.0059,0.0121,0.0198,0.0302,0.0429,0.0475,0.0659,0.0896,284,Hearst,ON
-79.82,44.87,0.5,0.0069,0.0101,0.0131,0.0232,0.0357,0.0515,0.0699,0.0764,0.1,0.128,285,Honey Harbour,ON
-84.78,49.22,0.5,0.0027,0.0039,0.0053,0.0109,0.0179,0.0272,0.0385,0.0427,0.0588,0.0796,286,Hornepayne,ON
-79.22,45.33,0.5,0.008,0.0116,0.015,0.0265,0.0414,0.0606,0.0829,0.0908,0.1205,0.1565,287,Huntsville,ON
-80.88,43.03,0.5,0.0055,0.008,0.0109,0.0198,0.0315,0.047,0.0663,0.0735,0.1018,0.1398,288,Ingersoll,ON
-80.68,48.77,0.5,0.006,0.0089,0.012,0.0221,0.0363,0.0574,0.0881,0.1006,0.157,0.2441,289,Iroquois Falls,ON
-87.52,49.68,0.5,0.0013,0.0022,0.0033,0.007,0.0131,0.0212,0.0316,0.0353,0.0506,0.0711,290,Jellicoe,ON
-82.43,49.42,0.5,0.0036,0.0053,0.0074,0.015,0.025,0.0388,0.0568,0.0637,0.092,0.1308,291,Kapuskasing,ON
-75.64,45.02,0.5,0.0169,0.0229,0.0293,0.0519,0.0844,0.1332,0.2017,0.2289,0.3473,0.5229,292,Kemptville,ON
-94.43,49.82,0.5,0.0009,0.0016,0.0026,0.0061,0.0121,0.0206,0.032,0.0364,0.0544,0.0792,293,Kenora,ON
-77.42,45.55,0.5,0.0136,0.0183,0.0232,0.0397,0.0624,0.0944,0.1371,0.1535,0.2227,0.3226,294,Killaloe,ON
-81.63,44.18,0.5,0.005,0.0072,0.0097,0.0176,0.0272,0.0392,0.053,0.0579,0.0763,0.0986,295,Kincardine,ON
-76.48,44.23,0.5,0.0122,0.0163,0.0205,0.0342,0.0515,0.0741,0.1006,0.1099,0.1465,0.1931,296,Kingston,ON
-78.65,44.78,0.5,0.0088,0.0123,0.0158,0.0272,0.0418,0.0601,0.0811,0.0883,0.1155,0.1477,297,Kinmount,ON
-80.03,48.15,0.5,0.0071,0.0104,0.0136,0.0243,0.0386,0.0588,0.0851,0.0951,0.1371,0.1983,298,Kirkland Lake,ON
-80.48,43.45,0.5,0.0058,0.0086,0.0115,0.0209,0.0332,0.0493,0.0694,0.0768,0.1056,0.1432,299,Kitchener,ON
-78.27,44.43,0.5,0.009,0.0126,0.0161,0.0279,0.0428,0.0616,0.0832,0.0908,0.1194,0.154,300,Lakefield,ON
-87.88,52.23,0.5,0.0014,0.0024,0.0035,0.0072,0.0131,0.0209,0.031,0.0347,0.05,0.0707,301,Lansdowne House,ON
-82.57,42.08,0.5,0.0037,0.0056,0.008,0.0165,0.0277,0.043,0.0624,0.0697,0.0995,0.1407,302,Leamington,ON
-78.73,44.35,0.5,0.0083,0.0118,0.0152,0.0264,0.0406,0.0587,0.0797,0.087,0.1147,0.1483,303,Lindsay,ON
-81.25,44.98,0.5,0.0055,0.0079,0.0106,0.0188,0.0292,0.0421,0.0567,0.062,0.0813,0.105,304,Lion's Head,ON
-80.95,43.73,0.5,0.0055,0.0079,0.0107,0.0192,0.0301,0.0439,0.06,0.0657,0.0874,0.1142,305,Listowel,ON
-81.23,42.98,0.5,0.0052,0.0076,0.0104,0.0189,0.0301,0.0448,0.0631,0.0698,0.0964,0.1321,306,London,ON
-81.4,43.18,0.5,0.0051,0.0074,0.0102,0.0184,0.029,0.0428,0.0593,0.0653,0.0886,0.1187,307,Lucan,ON
-75.62,44.63,0.5,0.0154,0.0207,0.0263,0.0452,0.0708,0.106,0.1503,0.1667,0.2324,0.32,308,Maitland,ON
-80.65,44.32,0.5,0.0058,0.0084,0.0112,0.02,0.0311,0.0449,0.0608,0.0662,0.0868,0.1117,309,Markdale,ON
-79.27,43.87,0.5,0.0076,0.0111,0.0145,0.026,0.0416,0.0633,0.0917,0.1026,0.1477,0.211,310,Markham,ON
-91.13,49.25,0.5,0.0009,0.0016,0.0026,0.0062,0.0126,0.0218,0.0343,0.0391,0.0595,0.0881,311,Martin,ON
-80.47,48.53,0.5,0.0064,0.0094,0.0124,0.0225,0.036,0.0551,0.0808,0.0908,0.1341,0.1991,312,Matheson,ON
-78.7,46.32,0.5,0.012,0.0172,0.0229,0.0444,0.0783,0.132,0.2072,0.237,0.3609,0.537,313,Mattawa,ON
-79.88,44.75,0.5,0.0067,0.0098,0.0128,0.0227,0.0351,0.0506,0.0686,0.0749,0.0979,0.1253,314,Midland,ON
-79.88,43.52,0.5,0.0065,0.0097,0.0129,0.0241,0.0393,0.0615,0.0915,0.1032,0.1528,0.2236,315,Milton,ON
-80.92,43.57,0.5,0.0055,0.008,0.0108,0.0194,0.0305,0.0445,0.0613,0.0672,0.0901,0.1187,316,Milverton,ON
-78.73,44.92,0.5,0.0088,0.0123,0.0158,0.0273,0.042,0.0605,0.0818,0.0891,0.1168,0.1496,317,Minden,ON
-79.65,43.58,0.5,0.0068,0.0102,0.0136,0.0253,0.0418,0.0663,0.101,0.1147,0.1743,0.261,318,Mississauga,ON
-79.58,43.55,0.5,0.0069,0.0104,0.0138,0.0259,0.0433,0.07,0.1091,0.1251,0.1953,0.2991,319,Mississauga Port Credit,ON
-81.2,43.47,0.5,0.0053,0.0077,0.0105,0.0188,0.0294,0.043,0.0591,0.0648,0.0868,0.1144,320,Mitchell,ON
-80.72,51.32,0.5,0.0033,0.0048,0.0064,0.0129,0.0211,0.032,0.0456,0.0506,0.0706,0.0968,321,Moosonee,ON
-75.18,44.9,0.5,0.0181,0.025,0.0323,0.0594,0.1002,0.1626,0.2513,0.2864,0.438,0.6552,322,Morrisburg,ON
-80.73,43.98,0.5,0.0057,0.0082,0.011,0.0197,0.0308,0.0447,0.061,0.0666,0.088,0.1142,323,Mount Forest,ON
-86.7,50.17,0.5,0.0014,0.0023,0.0034,0.0073,0.0134,0.0215,0.0318,0.0356,0.0509,0.0713,324,Nakina,ON
-80.1,42.88,0.5,0.0059,0.0089,0.012,0.0222,0.036,0.0553,0.0805,0.0899,0.1286,0.1808,325,Nanticoke (Jarvis),ON
-80.2,42.78,0.5,0.0058,0.0087,0.0118,0.0217,0.0348,0.053,0.0766,0.0853,0.1206,0.1675,326,Nanticoke (Port Dover),ON
-76.95,44.25,0.5,0.0116,0.0156,0.0196,0.0327,0.0493,0.0709,0.0968,0.1062,0.1429,0.1916,327,Napanee,ON
-79.67,47.5,0.5,0.0086,0.0124,0.0161,0.0292,0.0476,0.0742,0.109,0.1219,0.1749,0.2464,328,New Liskeard,ON
-78.58,43.92,0.5,0.0083,0.012,0.0156,0.0278,0.044,0.0665,0.0956,0.1067,0.1534,0.2199,329,Newcastle,ON
-78.68,43.91,0.5,0.0082,0.0118,0.0154,0.0276,0.0439,0.0665,0.096,0.1072,0.1544,0.2217,330,Bowmanville,ON
-79.47,44.05,0.5,0.007,0.0104,0.0135,0.0242,0.0378,0.0556,0.0773,0.0849,0.1146,0.152,331,Newmarket,ON
-79.07,43.1,0.5,0.0074,0.0111,0.0149,0.0286,0.0495,0.084,0.1359,0.1565,0.2449,0.3671,332,Niagara Falls,ON
-79.47,46.32,0.5,0.0098,0.0139,0.0182,0.0333,0.0549,0.0869,0.1287,0.1443,0.206,0.2862,333,North Bay,ON
-77.98,44.38,0.5,0.0091,0.0128,0.0165,0.0287,0.044,0.0635,0.0861,0.0941,0.1244,0.1617,334,Norwood,ON
-79.68,43.45,0.5,0.0067,0.0102,0.0135,0.0257,0.0433,0.0709,0.1122,0.1292,0.2047,0.3164,335,Oakville,ON
-80.1,43.92,0.5,0.0063,0.0092,0.0122,0.0219,0.0342,0.0502,0.0695,0.0764,0.1025,0.1347,336,Orangeville,ON
-79.42,44.62,0.5,0.0073,0.0106,0.0137,0.0241,0.0371,0.0535,0.0727,0.0793,0.1037,0.1325,337,Orillia,ON
-78.85,43.9,0.5,0.008,0.0116,0.0152,0.0273,0.0436,0.0664,0.0963,0.1079,0.1564,0.2259,338,Oshawa,ON
-75.69,45.42,0.5,0.018,0.0244,0.031,0.0545,0.0881,0.1384,0.2088,0.2368,0.3589,0.5389,339,Ottawa (city hall),ON
-80.93,44.57,0.5,0.0057,0.0082,0.0109,0.0194,0.0301,0.0434,0.0584,0.0637,0.0833,0.1072,340,Owen Sound,ON
-85.22,50.02,0.5,0.002,0.0033,0.0044,0.0095,0.0162,0.0252,0.036,0.0401,0.0558,0.0764,341,Pagwa River,ON
-80.38,43.2,0.5,0.0059,0.0087,0.0117,0.0215,0.0345,0.0523,0.0753,0.0838,0.1188,0.1668,342,Paris,ON
-81.68,43.15,0.5,0.005,0.0072,0.0099,0.0179,0.0281,0.0413,0.0572,0.063,0.0852,0.1138,343,Parkhill,ON
-80.03,45.35,0.5,0.0069,0.0102,0.0132,0.0234,0.0362,0.0527,0.0724,0.0793,0.1051,0.1365,344,Parry Sound,ON
-79.28,43.03,0.5,0.0072,0.0108,0.0144,0.0276,0.0478,0.0809,0.1312,0.1515,0.2388,0.3609,345,Pelham (Fonthill),ON
-77.12,45.82,0.5,0.015,0.0203,0.0259,0.0455,0.0737,0.1163,0.1776,0.2025,0.3129,0.4829,346,Pembroke,ON
-79.92,44.78,0.5,0.0067,0.0098,0.0128,0.0226,0.0349,0.0504,0.0684,0.0746,0.0976,0.1249,347,Penetanguishene,ON
-76.25,44.9,0.5,0.0144,0.0193,0.0243,0.041,0.0629,0.0922,0.1286,0.1421,0.1951,0.265,348,Perth,ON
-77.33,45.9,0.5,0.0147,0.02,0.0255,0.0449,0.073,0.1158,0.1771,0.202,0.3125,0.4822,349,Petawawa,ON
-78.32,44.3,0.5,0.0088,0.0124,0.016,0.0277,0.0427,0.0617,0.0838,0.0916,0.1214,0.1582,350,Peterborough,ON
-82.15,42.87,0.5,0.0048,0.0069,0.0094,0.0173,0.0273,0.0404,0.0564,0.0623,0.0852,0.1153,351,Petrolia,ON
-79.1,43.82,0.5,0.0078,0.0113,0.0148,0.027,0.0438,0.0685,0.1029,0.1168,0.1774,0.2688,352,Pickering (Dunbarton),ON
-77.13,44,0.5,0.0096,0.0134,0.0172,0.0301,0.0464,0.0679,0.0943,0.1041,0.1439,0.2007,353,Picton,ON
-80.62,43.3,0.5,0.0057,0.0084,0.0113,0.0205,0.0325,0.0484,0.0682,0.0755,0.1042,0.1419,354,Plattsville,ON
-77.57,46.13,0.5,0.0146,0.0199,0.0255,0.0454,0.0746,0.1192,0.1833,0.209,0.3224,0.4946,355,Point Alexander,ON
-80.82,42.65,0.5,0.0055,0.0081,0.0111,0.0204,0.0328,0.0496,0.0713,0.0793,0.1117,0.1555,356,Port Burwell,ON
-79.23,42.9,0.5,0.007,0.0106,0.0141,0.0269,0.0463,0.0779,0.126,0.1455,0.2296,0.349,357,Port Colborne,ON
-81.4,44.43,0.5,0.0053,0.0076,0.0102,0.0182,0.0281,0.0405,0.0545,0.0596,0.0781,0.1007,358,Port Elgin,ON
-78.3,43.95,0.5,0.0086,0.0123,0.0159,0.0283,0.0445,0.0667,0.0953,0.1062,0.1518,0.2181,359,Port Hope,ON
-78.95,44.1,0.5,0.008,0.0115,0.0148,0.0261,0.0407,0.0598,0.0827,0.091,0.1233,0.1644,360,Port Perry,ON
-81.22,42.67,0.5,0.0052,0.0077,0.0106,0.0195,0.0313,0.0472,0.0675,0.0751,0.1056,0.147,361,Port Stanley,ON
-75.52,44.72,0.5,0.0161,0.0218,0.0278,0.0487,0.0781,0.1195,0.1745,0.1952,0.2817,0.4022,362,Prescott,ON
-80.53,43.17,0.5,0.0058,0.0085,0.0115,0.0209,0.0333,0.05,0.0712,0.079,0.1103,0.1525,363,Princeton,ON
-89.93,48.83,0.5,0.0009,0.0016,0.0026,0.0062,0.0125,0.0213,0.0331,0.0377,0.0571,0.0848,364,Raith,ON
-81.2,46.58,0.5,0.0058,0.0085,0.0114,0.0205,0.0323,0.0476,0.066,0.0725,0.0971,0.1269,365,Rayside-Balfour (Chelmsford),ON
-93.82,51.05,0.5,0.0011,0.0019,0.003,0.0066,0.0129,0.0217,0.0337,0.0383,0.0578,0.0854,366,Red Lake,ON
-76.68,45.47,0.5,0.0151,0.0204,0.0259,0.0449,0.0718,0.1115,0.168,0.1908,0.2923,0.4496,367,Renfrew,ON
-79.45,43.87,0.5,0.007,0.0104,0.0137,0.0249,0.0397,0.0599,0.0854,0.0949,0.1333,0.1843,368,Richmond Hill,ON
-75.29,45.55,0.5,0.0195,0.0266,0.0339,0.0604,0.0986,0.1557,0.2348,0.2655,0.3972,0.5855,369,Rockland,ON
-82.38,42.97,0.5,0.0047,0.0067,0.0091,0.0168,0.0264,0.0388,0.0537,0.0592,0.0803,0.1076,370,Sarnia,ON
-84.33,46.52,0.5,0.0032,0.0046,0.0061,0.0123,0.0197,0.0294,0.0405,0.0445,0.0599,0.0794,371,Sault Ste. Marie,ON
-87.25,48.8,0.5,0.0012,0.0021,0.0032,0.0068,0.0128,0.0208,0.0311,0.0348,0.05,0.0703,372,Schreiber,ON
-81.4,43.55,0.5,0.0051,0.0074,0.0101,0.0182,0.0284,0.0415,0.0567,0.0623,0.083,0.1089,373,Seaforth,ON
-80.3,42.83,0.5,0.0058,0.0086,0.0117,0.0214,0.0344,0.0523,0.0754,0.0839,0.1183,0.1644,374,Simcoe,ON
-91.98,50.07,0.5,0.001,0.0017,0.0029,0.0066,0.0133,0.0227,0.0354,0.0404,0.0609,0.0895,375,Sioux Lookout,ON
-76.02,44.9,0.5,0.0151,0.0202,0.0255,0.0435,0.0673,0.1,0.1412,0.1564,0.2182,0.3019,376,Smiths Falls,ON
-79.55,43.1,0.5,0.0067,0.0101,0.0136,0.0264,0.0456,0.0769,0.1244,0.1438,0.2284,0.3485,377,Smithville,ON
-81.63,49.28,0.5,0.0041,0.0062,0.0088,0.0181,0.0316,0.0526,0.0843,0.0976,0.1567,0.2458,378,Smooth Rock Falls,ON
-79.38,45.83,0.5,0.009,0.0128,0.0165,0.029,0.0457,0.0684,0.0961,0.1062,0.145,0.1931,379,South River,ON
-81.38,44.48,0.5,0.0053,0.0076,0.0103,0.0183,0.0282,0.0406,0.0547,0.0598,0.0783,0.101,380,Southampton,ON
-79.25,43.17,0.5,0.0073,0.011,0.0147,0.0283,0.049,0.0832,0.1346,0.1553,0.2439,0.3671,381,St. Catharines,ON
-81.13,43.25,0.5,0.0054,0.0078,0.0106,0.0191,0.0301,0.0443,0.0615,0.0676,0.0917,0.1228,382,St. Mary's,ON
-81.2,42.78,0.5,0.0052,0.0077,0.0105,0.0193,0.0309,0.0463,0.0659,0.0731,0.1023,0.1418,383,St. Thomas,ON
-77.55,44.3,0.5,0.0102,0.0139,0.0178,0.0305,0.0463,0.067,0.0914,0.1004,0.1346,0.1791,384,Stirling,ON
-80.95,43.37,0.5,0.0055,0.008,0.0108,0.0194,0.0306,0.045,0.0625,0.0687,0.0929,0.1238,385,Stratford,ON
-81.63,42.95,0.5,0.005,0.0072,0.0099,0.0182,0.0288,0.0428,0.0598,0.066,0.0908,0.1236,386,Strathroy,ON
-79.92,46.37,0.5,0.0085,0.0122,0.0159,0.0285,0.0459,0.0702,0.1013,0.1124,0.1568,0.213,387,Sturgeon Falls,ON
-81,46.5,0.5,0.0061,0.0089,0.0118,0.0213,0.0335,0.0496,0.0691,0.0762,0.1027,0.1352,388,Sudbury,ON
-79.4,45.77,0.5,0.0089,0.0126,0.0162,0.0285,0.0447,0.0665,0.093,0.1027,0.1396,0.1849,389,Sundridge,ON
-80.83,43.32,0.5,0.0056,0.0081,0.011,0.0198,0.0313,0.0462,0.0645,0.0711,0.0969,0.1303,390,Tavistock,ON
-79.78,47.07,0.5,0.0091,0.0131,0.0172,0.0315,0.0521,0.0826,0.1226,0.1379,0.1973,0.2755,391,Temagami,ON
-81,43.07,0.5,0.0054,0.0079,0.0107,0.0195,0.031,0.046,0.0646,0.0715,0.0986,0.1347,392,Thamesford,ON
-81.85,43.15,0.5,0.0049,0.0071,0.0097,0.0176,0.0276,0.0405,0.0559,0.0616,0.0832,0.1109,393,Thedford,ON
-89.32,48.4,0.5,0.001,0.0017,0.0026,0.0061,0.012,0.0202,0.0311,0.0351,0.0523,0.0762,394,Thunder Bay,ON
-80.73,42.85,0.5,0.0055,0.0082,0.0111,0.0203,0.0325,0.0488,0.0696,0.0773,0.108,0.1494,395,Tillsonburg,ON
-81.33,48.47,0.5,0.0051,0.0075,0.0104,0.0192,0.0311,0.047,0.0675,0.0752,0.1063,0.1484,396,Timmins,ON
-81.17,48.5,0.5,0.0052,0.0077,0.0107,0.0199,0.0323,0.0496,0.0725,0.0812,0.1176,0.1694,397,Timmins (Porcupine),ON
-79.57,43.7,0.5,0.0069,0.0103,0.0136,0.0251,0.0409,0.0634,0.0937,0.1054,0.1545,0.2235,398,Etobicoke,ON
-79.42,43.77,0.5,0.0071,0.0105,0.0139,0.0256,0.0416,0.0643,0.0947,0.1065,0.1561,0.2264,399,North York,ON
-79.25,43.78,0.5,0.0076,0.0112,0.0146,0.0267,0.0434,0.068,0.1024,0.1161,0.176,0.2649,400,Scarborough,ON
-77.58,44.1,0.5,0.0093,0.013,0.0168,0.0296,0.0459,0.0678,0.095,0.1052,0.1475,0.2092,402,Trenton,ON
-79.37,45.98,0.5,0.0094,0.0132,0.0171,0.0304,0.0483,0.0734,0.1047,0.1159,0.1605,0.2171,403,Trout Creek,ON
-79.12,44.1,0.5,0.0078,0.0112,0.0145,0.0256,0.0398,0.0584,0.0809,0.0889,0.1202,0.1598,404,Uxbridge,ON
-79.6,43.78,0.5,0.0069,0.0102,0.0135,0.0246,0.0394,0.0598,0.0859,0.0958,0.1356,0.1889,405,Vaughan (Woodbridge),ON
-80.32,42.77,0.5,0.0057,0.0086,0.0116,0.0213,0.0342,0.0519,0.0747,0.0831,0.1171,0.1624,406,Vittoria,ON
-81.15,44.12,0.5,0.0054,0.0078,0.0105,0.0187,0.029,0.042,0.0567,0.0621,0.0815,0.1054,407,Walkerton,ON
-82.38,42.6,0.5,0.0039,0.0058,0.0081,0.0162,0.0265,0.0403,0.0573,0.0637,0.0891,0.1237,408,Wallaceburg,ON
-80.52,43.47,0.5,0.0058,0.0085,0.0115,0.0208,0.0328,0.0487,0.0683,0.0754,0.1033,0.1392,409,Waterloo,ON
-81.88,42.95,0.5,0.0049,0.007,0.0097,0.0177,0.0279,0.0414,0.0576,0.0636,0.087,0.1176,410,Watford,ON
-84.78,47.98,0.5,0.0027,0.004,0.0053,0.011,0.0182,0.0275,0.0387,0.0428,0.0584,0.0784,411,Wawa,ON
-79.25,42.98,0.5,0.0071,0.0107,0.0143,0.0275,0.0474,0.0803,0.13,0.1501,0.2367,0.358,412,Welland,ON
-81.6,42.6,0.5,0.0051,0.0075,0.0103,0.0189,0.0303,0.0456,0.0652,0.0725,0.1022,0.1424,413,West Lorne,ON
-78.93,43.87,0.5,0.008,0.0116,0.0151,0.0272,0.0438,0.0673,0.0991,0.1115,0.1644,0.242,414,Whitby,ON
-78.95,43.95,0.5,0.008,0.0115,0.015,0.0267,0.0425,0.064,0.0914,0.1019,0.1445,0.2039,415,Whitby (Brooklin),ON
-85.28,48.6,0.5,0.0021,0.0034,0.0046,0.0098,0.0167,0.0257,0.0366,0.0406,0.0561,0.0762,416,White River,ON
-81.15,44.75,0.5,0.0055,0.0079,0.0106,0.0189,0.0293,0.0422,0.0568,0.0621,0.0813,0.1047,417,Wiarton,ON
-83.02,42.3,0.5,0.0035,0.0052,0.0074,0.0153,0.0254,0.039,0.0561,0.0625,0.088,0.1233,418,Windsor,ON
-81.32,43.88,0.5,0.0053,0.0076,0.0103,0.0184,0.0285,0.0413,0.056,0.0614,0.081,0.1053,419,Wingham,ON
-80.75,43.13,0.5,0.0056,0.0082,0.0111,0.0202,0.032,0.0477,0.0674,0.0746,0.1033,0.1416,420,Woodstock,ON
-82.12,42.95,0.5,0.0048,0.0069,0.0094,0.0173,0.0272,0.0401,0.0557,0.0615,0.0837,0.1127,421,Wyoming,ON
-72.57,45.65,0.5,0.0181,0.0239,0.0296,0.0482,0.0722,0.1043,0.1449,0.1599,0.2209,0.3029,422,Acton-Vale,QC
-71.65,48.55,0.5,0.0223,0.0312,0.0409,0.0773,0.1344,0.2262,0.3608,0.4151,0.6432,0.956,423,Alma,QC
-78.12,48.57,0.5,0.009,0.0123,0.0154,0.0256,0.0379,0.0536,0.0721,0.0785,0.1024,0.1305,424,Amos,QC
-71.93,45.77,0.5,0.0178,0.0233,0.0288,0.046,0.0671,0.0938,0.1255,0.137,0.1808,0.2358,425,Asbestos,QC
-75.83,45.4,0.5,0.0174,0.0235,0.03,0.0522,0.0841,0.1317,0.1983,0.2249,0.3413,0.5156,426,Aylmer,QC
-68.15,49.22,0.5,0.0172,0.0233,0.0296,0.051,0.0811,0.1265,0.1921,0.2186,0.3358,0.5096,427,Baie-Comeau,QC
-71.18,46.87,0.5,0.0247,0.0332,0.0422,0.0718,0.1117,0.1684,0.2447,0.2746,0.4026,0.5888,428,Beauport,QC
-72.98,45.12,0.5,0.0182,0.0243,0.0306,0.0518,0.0812,0.1235,0.1811,0.2036,0.2993,0.4381,429,Bedford,QC
-73.2,45.57,0.5,0.0195,0.0263,0.0334,0.0584,0.0954,0.1534,0.2378,0.2717,0.4186,0.6305,430,Beloeil,QC
-72.57,45.2,0.5,0.0173,0.0229,0.0285,0.0466,0.0698,0.1005,0.138,0.1515,0.2049,0.2735,431,Brome,QC
-73.47,45.45,0.5,0.0201,0.0274,0.035,0.0629,0.1051,0.1718,0.2674,0.3056,0.468,0.6991,432,Brossard,QC
-75.42,45.58,0.5,0.0192,0.0261,0.0333,0.0589,0.0959,0.1509,0.2268,0.2565,0.3839,0.5669,433,Buckingham,QC
-76.6,45.73,0.5,0.016,0.0216,0.0275,0.0479,0.077,0.1205,0.1827,0.2079,0.3201,0.4917,434,Campbell's Bay,QC
-73.28,45.45,0.5,0.0196,0.0266,0.0338,0.0599,0.0988,0.1603,0.2498,0.2856,0.44,0.662,435,Chambly,QC
-71.07,48.43,0.5,0.0256,0.0357,0.0466,0.0867,0.1466,0.2392,0.3717,0.4248,0.6478,0.9558,436,Saguenay,QC
-70.88,48.35,0.5,0.0273,0.038,0.0495,0.0916,0.1532,0.2473,0.3802,0.4332,0.6568,0.9658,437,Saguenay (Bagotville),QC
-71.25,48.42,0.5,0.025,0.0349,0.0457,0.0855,0.1456,0.2396,0.3742,0.4285,0.6547,0.9665,438,Saguenay (Kénogami),QC
-71.8,45.13,0.5,0.0165,0.0217,0.0269,0.0435,0.0636,0.0888,0.1186,0.1293,0.1701,0.2218,439,Coaticook,QC
-73.23,45.85,0.5,0.0194,0.0261,0.0329,0.0568,0.0911,0.1438,0.2198,0.2504,0.3836,0.5785,440,Contrecoeur,QC
-72.75,45.2,0.5,0.0178,0.0235,0.0293,0.0485,0.0737,0.108,0.1514,0.1677,0.2332,0.3211,441,Cowansville,QC
-73.88,45.53,0.5,0.0208,0.0284,0.0363,0.0656,0.1095,0.1779,0.2745,0.3129,0.4749,0.7046,442,Deux-Montagnes,QC
-72.23,48.88,0.5,0.0174,0.0238,0.0304,0.0539,0.0886,0.143,0.2225,0.2549,0.3957,0.6008,443,Dolbeau,QC
-72.48,45.88,0.5,0.0184,0.0243,0.0302,0.049,0.0736,0.1069,0.1503,0.167,0.2371,0.3396,444,Drummondville,QC
-72.98,45.28,0.5,0.0185,0.0247,0.0311,0.0526,0.0824,0.1258,0.1851,0.2083,0.307,0.4499,445,Farnham,QC
-76.73,45.85,0.5,0.016,0.0216,0.0275,0.048,0.0774,0.1214,0.1845,0.21,0.3228,0.495,446,Fort-Coulonge,QC
-68.17,51.93,0.5,0.0064,0.0091,0.0118,0.0199,0.0297,0.0417,0.0552,0.0601,0.078,0.0995,447,Gagnon,QC
-64.48,48.83,0.5,0.0102,0.0138,0.0173,0.0285,0.0426,0.0607,0.0824,0.0902,0.1202,0.1577,448,Gaspé,QC
-75.65,45.5,0.5,0.0183,0.0248,0.0316,0.0554,0.0893,0.1399,0.2102,0.2381,0.3587,0.5361,449,Gatineau,QC
-76.05,46.1,0.5,0.0183,0.0248,0.0315,0.0549,0.0876,0.1349,0.1975,0.2215,0.3206,0.4564,450,Gracefield,QC
-72.73,45.4,0.5,0.018,0.0239,0.0297,0.0489,0.0741,0.1084,0.1522,0.1685,0.2349,0.3238,451,Granby,QC
-59.48,50.5,0.5,0.0033,0.0049,0.0069,0.0148,0.0244,0.0362,0.0505,0.0557,0.0766,0.1054,452,Harrington-Harbour,QC
-63.6,50.23,0.5,0.0079,0.0114,0.0147,0.0262,0.0426,0.068,0.1061,0.1219,0.193,0.3049,453,Havre-St-Pierre,QC
-73.58,45.05,0.5,0.0196,0.0268,0.0342,0.0615,0.1022,0.1651,0.2546,0.2901,0.4422,0.6611,454,Hemmingford,QC
-75.73,45.43,0.5,0.0179,0.0242,0.0308,0.054,0.0871,0.1367,0.2059,0.2336,0.3538,0.5317,455,Hull,QC
-73.23,45.35,0.5,0.0194,0.0262,0.0333,0.0585,0.0959,0.1542,0.2385,0.2723,0.4186,0.6305,456,Iberville,QC
-78.1,58.48,0.5,0.0022,0.0034,0.0046,0.0094,0.0159,0.0248,0.0361,0.0403,0.0573,0.0798,457,Inukjuak,QC
-73.45,46.02,0.5,0.0193,0.0259,0.0326,0.0559,0.0892,0.1397,0.212,0.2411,0.3679,0.5547,458,Joliette,QC
-71.22,48.42,0.5,0.0251,0.0351,0.0458,0.0858,0.1458,0.2399,0.3739,0.4279,0.6539,0.9653,459,Saguenay (Jonquière),QC
-68.4,58.1,0.5,0.0057,0.008,0.0105,0.0179,0.0266,0.0372,0.0496,0.0539,0.0707,0.0918,460,Kuujjuaq,QC
-77.75,55.28,0.5,0.0015,0.0025,0.0036,0.0073,0.0133,0.021,0.031,0.0346,0.0497,0.0703,461,Kuujjuarapik,QC
-70.15,47.65,0.5,0.0608,0.0883,0.1177,0.2232,0.3709,0.5823,0.8527,0.9528,1.343,1.824,462,La-Malbaie,QC
-72.78,47.43,0.5,0.0179,0.0237,0.0293,0.0473,0.0693,0.0962,0.1265,0.1373,0.1759,0.2205,463,La-Tuque,QC
-70.88,45.58,0.5,0.0172,0.0226,0.0279,0.0445,0.0644,0.0892,0.1187,0.1293,0.1709,0.2263,464,Lac-Mégantic,QC
-74.33,45.65,0.5,0.0208,0.0283,0.0361,0.064,0.1041,0.1631,0.2433,0.2738,0.4026,0.5825,465,Lachute,QC
-71.85,45.37,0.5,0.0169,0.0222,0.0275,0.0441,0.0641,0.0891,0.1182,0.1286,0.1675,0.2147,466,Lennoxville,QC
-73.8,45.35,0.5,0.0206,0.0282,0.0362,0.0659,0.1107,0.1805,0.2786,0.3172,0.4811,0.7127,467,Léry,QC
-71.35,46.85,0.5,0.0238,0.0319,0.0404,0.0688,0.1072,0.1622,0.2377,0.2678,0.398,0.5897,468,Loretteville,QC
-72.95,46.25,0.5,0.0188,0.025,0.0312,0.0519,0.0799,0.1206,0.1777,0.201,0.3041,0.4638,469,Louiseville,QC
-72.13,45.27,0.5,0.0169,0.0222,0.0275,0.0444,0.0651,0.0912,0.1219,0.133,0.1744,0.2246,470,Magog,QC
-78.13,48.13,0.5,0.0101,0.0135,0.017,0.0283,0.0428,0.0616,0.0837,0.0916,0.1211,0.1565,471,Malartic,QC
-75.97,46.38,0.5,0.0186,0.0253,0.0321,0.0558,0.0886,0.1355,0.1967,0.22,0.3158,0.4458,472,Maniwaki,QC
-75.417,45.533,0.5,0.0191,0.026,0.0332,0.059,0.0962,0.1519,0.2296,0.2604,0.3925,0.5841,473,Masson,QC
-67.53,48.85,0.5,0.0178,0.0241,0.0305,0.0526,0.0841,0.1322,0.2016,0.2295,0.3503,0.527,474,Matane,QC
-68.18,48.58,0.5,0.0193,0.026,0.0328,0.0557,0.0872,0.1335,0.1992,0.2257,0.3434,0.5195,475,Mont-Joli,QC
-75.5,46.55,0.5,0.0187,0.0253,0.0319,0.0549,0.0863,0.131,0.1895,0.2118,0.3047,0.4331,476,Mont-Laurier,QC
-70.55,46.98,0.5,0.0305,0.0413,0.0524,0.091,0.143,0.2142,0.3062,0.3399,0.4785,0.665,477,Montmagny,QC
-73.87,45.43,0.5,0.0208,0.0284,0.0364,0.0661,0.1107,0.1802,0.2781,0.3168,0.4798,0.7109,478,Beaconsfield,QC
-73.75,45.45,0.5,0.0206,0.0282,0.0362,0.0654,0.1097,0.1789,0.2765,0.3151,0.4788,0.7106,479,Dorval,QC
-73.75,45.58,0.5,0.0206,0.0281,0.036,0.0648,0.1082,0.1763,0.2728,0.3112,0.4734,0.7043,480,Laval,QC
-73.52,45.63,0.5,0.0203,0.0275,0.0351,0.063,0.1049,0.171,0.2664,0.3048,0.4663,0.6973,482,Montréal-Est,QC
-73.63,45.6,0.5,0.0205,0.0279,0.0356,0.064,0.1069,0.1744,0.2709,0.3095,0.4723,0.7039,483,Montréal-Nord,QC
-73.62,45.52,0.5,0.0204,0.0279,0.0357,0.0643,0.1077,0.176,0.2734,0.3121,0.476,0.7079,484,Outremont,QC
-73.87,45.48,0.5,0.0208,0.0284,0.0364,0.0658,0.1102,0.1792,0.2765,0.315,0.4775,0.7082,485,Pierrefonds,QC
-73.5,45.5,0.5,0.0202,0.0275,0.0352,0.0633,0.1057,0.1728,0.2689,0.3074,0.4699,0.7012,486,St-Lambert,QC
-73.67,45.5,0.5,0.0205,0.028,0.0359,0.0648,0.1085,0.1771,0.2746,0.3134,0.477,0.7088,487,St-Laurent,QC
-73.93,45.42,0.5,0.0208,0.0285,0.0365,0.0663,0.1111,0.1805,0.2782,0.3168,0.4798,0.7109,488,Ste-Anne-de-Bellevue,QC
-73.57,45.45,0.5,0.0203,0.0278,0.0355,0.0641,0.1075,0.1757,0.2734,0.3121,0.4758,0.7076,489,Verdun,QC
-72.28,46.4,0.5,0.0193,0.0257,0.032,0.053,0.0809,0.1209,0.177,0.2003,0.3045,0.4686,490,Nicolet (Gentilly),QC
-70.91,53.21,0.5,0.0045,0.0064,0.0085,0.0152,0.023,0.0324,0.0434,0.0471,0.0619,0.0807,491,Nitchequon,QC
-79.02,48.25,0.5,0.0078,0.0112,0.0144,0.0252,0.039,0.0575,0.0798,0.0877,0.1183,0.1562,492,Noranda,QC
-64.22,48.53,0.5,0.0099,0.0133,0.0167,0.0275,0.0408,0.0574,0.0773,0.0842,0.1111,0.1444,493,Percé,QC
-73.98,45.38,0.5,0.0208,0.0285,0.0366,0.0665,0.1115,0.1812,0.279,0.3176,0.4805,0.7118,494,Pincourt,QC
-71.78,46.22,0.5,0.0192,0.0253,0.0313,0.0504,0.0745,0.106,0.1454,0.1601,0.2204,0.3055,495,Plessisville,QC
-66.87,50.02,0.5,0.0127,0.0176,0.0225,0.0396,0.0638,0.0999,0.1495,0.1688,0.2496,0.3616,496,Port-Cartier,QC
-77.283,60.033,0.5,0.0026,0.004,0.0055,0.0118,0.0206,0.0335,0.0512,0.0581,0.0868,0.127,497,Puvinrituq,QC
-71.38,46.78,0.5,0.0231,0.031,0.039,0.0664,0.1032,0.1561,0.2291,0.2582,0.3852,0.5733,498,Ancienne-Lorette,QC
-71.18,46.8,0.5,0.024,0.0323,0.0408,0.0693,0.1077,0.1622,0.236,0.265,0.3897,0.5729,499,Lévis,QC
-71.23,46.8,0.5,0.0239,0.032,0.0404,0.0687,0.1069,0.1611,0.2351,0.2643,0.3903,0.575,500,Québec,QC
-71.25,46.77,0.5,0.0235,0.0315,0.0397,0.0675,0.1048,0.1581,0.231,0.2597,0.3845,0.568,501,Sillery,QC
-71.28,46.78,0.5,0.0235,0.0315,0.0397,0.0676,0.1051,0.1585,0.2315,0.2605,0.386,0.5708,502,Ste-Foy,QC
-72.15,45.67,0.5,0.0177,0.0232,0.0286,0.0459,0.0675,0.0949,0.1278,0.1398,0.1856,0.2439,503,Richmond,QC
-68.55,48.43,0.5,0.0205,0.0276,0.0347,0.059,0.091,0.1366,0.1992,0.2241,0.3336,0.5004,504,Rimouski,QC
-69.53,47.83,0.5,0.0386,0.0548,0.0725,0.1363,0.2283,0.3639,0.5455,0.6159,0.8944,1.2575,505,Rivière-du-Loup,QC
-72.23,48.52,0.5,0.0196,0.0271,0.035,0.0648,0.1113,0.1885,0.3053,0.3525,0.557,0.844,506,Roberval,QC
-72.1,45.04,0.5,0.0165,0.0218,0.027,0.0439,0.0646,0.0908,0.1218,0.133,0.1751,0.2274,507,Rock-Island,QC
-73.8,45.63,0.5,0.0207,0.0282,0.036,0.0647,0.1078,0.1752,0.2709,0.3091,0.4702,0.7003,508,Rosemère,QC
-79.02,48.23,0.5,0.0078,0.0113,0.0145,0.0253,0.0393,0.058,0.0806,0.0887,0.1199,0.1586,509,Rouyn,QC
-74.13,45.25,0.5,0.0207,0.0284,0.0365,0.0667,0.1121,0.1818,0.2792,0.3176,0.4801,0.71,510,Salaberry-de-Valleyfield,QC
-66.83,54.8,0.5,0.0024,0.0037,0.005,0.0108,0.0184,0.0277,0.0384,0.0424,0.057,0.076,511,Schefferville,QC
-77.23,48.38,0.5,0.0102,0.0136,0.017,0.0278,0.041,0.0573,0.0762,0.0825,0.1067,0.1351,512,Senneterre,QC
-66.38,50.2,0.5,0.0116,0.016,0.0205,0.0362,0.0584,0.0918,0.138,0.1558,0.2306,0.3336,513,Sept-Îles,QC
-72.75,46.55,0.5,0.0187,0.0248,0.0309,0.0505,0.0764,0.1119,0.1596,0.1783,0.2607,0.3873,514,Shawinigan,QC
-76.48,45.6,0.5,0.016,0.0216,0.0275,0.0479,0.077,0.1203,0.1824,0.2076,0.3197,0.4914,515,Shawville,QC
-71.9,45.42,0.5,0.017,0.0224,0.0276,0.0443,0.0644,0.0895,0.1189,0.1293,0.1684,0.2157,516,Sherbrooke,QC
-73.12,46.03,0.5,0.019,0.0254,0.0319,0.0538,0.0844,0.1298,0.1943,0.2202,0.3349,0.5065,517,Sorel,QC
-72.45,48.65,0.5,0.0178,0.0243,0.031,0.055,0.0903,0.1453,0.226,0.2585,0.3995,0.6026,518,St-Félicien,QC
-69.5,47.92,0.5,0.0351,0.0491,0.064,0.1154,0.1874,0.2904,0.4265,0.4773,0.6882,0.9691,519,St-Georges-de-Cacouna,QC
-73.42,45.5,0.5,0.02,0.0272,0.0347,0.0623,0.1038,0.1695,0.2641,0.3021,0.4632,0.6932,520,St-Hubert,QC
-69.15,47.817,0.5,0.0276,0.0372,0.0471,0.0804,0.1235,0.1814,0.2526,0.2785,0.3823,0.5193,521,St-Hubert-de-Rivière-du-Loup,QC
-72.95,45.62,0.5,0.0189,0.0252,0.0315,0.053,0.0826,0.1257,0.1849,0.2082,0.3074,0.4516,522,St-Hyacinthe,QC
-73.26,45.31,0.5,0.0194,0.0263,0.0334,0.0589,0.0966,0.1553,0.2402,0.274,0.421,0.6345,523,Saint-Jean-sur-Richelieu,QC
-74,45.78,0.5,0.0206,0.0279,0.0355,0.0628,0.1028,0.1634,0.2482,0.2814,0.423,0.6241,524,St-Jérôme,QC
-74.6,46.12,0.5,0.0199,0.0268,0.0338,0.0582,0.0914,0.1385,0.1993,0.2223,0.3163,0.444,525,St-Jovite,QC
-71.4,46.7,0.5,0.0224,0.0301,0.0378,0.064,0.099,0.1495,0.2196,0.2474,0.3701,0.5533,526,St-Nicolas,QC
-74.28,46.05,0.5,0.0199,0.0267,0.0337,0.0581,0.0917,0.1397,0.2022,0.226,0.3229,0.4534,527,Ste-Agathe-des-Monts,QC
-72.62,45.1,0.5,0.0173,0.0229,0.0285,0.0467,0.0703,0.1016,0.1402,0.1541,0.2096,0.2815,528,Sutton,QC
-69.72,48.15,0.5,0.0321,0.0443,0.057,0.1016,0.1619,0.2468,0.3565,0.3983,0.5686,0.7987,529,Tadoussac,QC
-79.1,46.72,0.5,0.0118,0.0179,0.0251,0.0568,0.1148,0.2128,0.3538,0.4104,0.6456,0.9662,530,Témiscaming,QC
-71.3,46.08,0.5,0.0188,0.0246,0.0304,0.0484,0.0704,0.0979,0.13,0.1415,0.1849,0.2389,531,Thetford Mines,QC
-75.25,45.6,0.5,0.0196,0.0268,0.0342,0.0606,0.0983,0.1537,0.2291,0.2583,0.3808,0.5534,532,Thurso,QC
-72.55,46.35,0.5,0.019,0.0253,0.0316,0.0522,0.0801,0.1201,0.1768,0.2003,0.3058,0.4713,533,Trois-Rivières,QC
-77.78,48.1,0.5,0.0104,0.014,0.0175,0.029,0.0436,0.0625,0.0846,0.0924,0.1215,0.1562,534,Val-d'Or,QC
-73.43,45.68,0.5,0.02,0.0271,0.0346,0.0615,0.1019,0.1657,0.2584,0.2956,0.4552,0.6829,535,Varennes,QC
-73.35,45.78,0.5,0.0197,0.0267,0.0338,0.0593,0.0971,0.1567,0.2434,0.2782,0.4299,0.648,536,Verchères,QC
-71.97,46.05,0.5,0.0186,0.0244,0.0303,0.0485,0.0715,0.1014,0.1383,0.152,0.2078,0.2846,537,Victoriaville,QC
-79.43,47.33,0.5,0.0095,0.0137,0.0179,0.0329,0.0549,0.0877,0.1314,0.1479,0.2148,0.3055,538,Ville-Marie,QC
-72.52,45.35,0.5,0.0175,0.0231,0.0287,0.0466,0.0695,0.0997,0.1366,0.1499,0.2023,0.2693,539,Waterloo,QC
-72,45.57,0.5,0.0174,0.0228,0.0282,0.0451,0.0658,0.0918,0.1225,0.1335,0.1751,0.226,540,Windsor,QC
-64.95,45.6,0.5,0.0105,0.0143,0.0181,0.0302,0.0449,0.0639,0.087,0.0954,0.13,0.1788,541,Alma,NB
-65.65,47.6,0.5,0.0143,0.0191,0.024,0.0392,0.0586,0.084,0.1156,0.1274,0.1747,0.2398,542,Bathurst,NB
-66.67,48,0.5,0.0163,0.0215,0.0267,0.0433,0.0638,0.0898,0.1212,0.1326,0.1775,0.2373,543,Campbellton,NB
-65.47,47.03,0.5,0.0139,0.0186,0.0233,0.0383,0.0573,0.0822,0.1132,0.1247,0.1715,0.2355,544,Miramichi,NB
-68.33,47.37,0.5,0.0203,0.0268,0.0331,0.0533,0.0779,0.1075,0.1416,0.1532,0.1973,0.2508,545,Edmundston,NB
-66.65,45.95,0.5,0.0149,0.0198,0.0248,0.0405,0.0601,0.0852,0.1158,0.1269,0.1712,0.2307,546,Fredericton,NB
-66.16,45.79,0.5,0.0136,0.0182,0.0227,0.0373,0.0557,0.0796,0.1085,0.119,0.1613,0.2188,547,Gagetown,NB
-67.73,47.05,0.5,0.0193,0.0256,0.0317,0.0509,0.0748,0.1049,0.1406,0.1534,0.2037,0.2692,548,Grand Falls,NB
-64.78,46.1,0.5,0.0109,0.0148,0.0187,0.031,0.0461,0.0658,0.0904,0.0997,0.1386,0.1966,549,Moncton,NB
-66.48,45.84,0.5,0.0144,0.0192,0.024,0.0394,0.0588,0.0839,0.1146,0.1259,0.1707,0.2312,550,Oromocto,NB
-64.37,45.88,0.5,0.0112,0.0148,0.0185,0.0299,0.0438,0.0619,0.0844,0.0928,0.1289,0.183,551,Sackville,NB
-66.05,45.267,0.5,0.0124,0.0167,0.0211,0.0355,0.0542,0.0792,0.1095,0.1204,0.1631,0.2172,552,Saint John,NB
-64.7,47.73,0.5,0.0112,0.015,0.0189,0.0311,0.0459,0.0648,0.0873,0.0955,0.1281,0.1721,553,Shippagan,NB
-67.28,45.2,0.5,0.0155,0.0216,0.0283,0.0552,0.1047,0.1949,0.3273,0.3789,0.5927,0.8697,554,St. Stephen,NB
-67.6,46.16,0.5,0.0166,0.022,0.0273,0.0439,0.064,0.089,0.1187,0.1294,0.1713,0.2274,555,Woodstock,NB
-64.2,45.83,0.5,0.0109,0.0145,0.0181,0.0291,0.0426,0.0597,0.0807,0.0885,0.1205,0.1656,556,Amherst,NS
-62,45.62,0.5,0.0073,0.0106,0.0137,0.0234,0.0352,0.0505,0.0693,0.0763,0.1037,0.1406,557,Antigonish,NS
-64.52,44.38,0.5,0.0098,0.0132,0.0164,0.0269,0.04,0.0571,0.078,0.0856,0.1159,0.1558,558,Bridgewater,NS
-61,45.33,0.5,0.0076,0.0111,0.0143,0.0248,0.0379,0.0552,0.0769,0.0847,0.1166,0.1589,559,Canso,NS
-63.47,45.43,0.5,0.0096,0.013,0.0162,0.0263,0.0385,0.0542,0.0733,0.0803,0.1086,0.1478,560,Debert,NS
-65.77,44.62,0.5,0.0107,0.0145,0.0183,0.0311,0.0473,0.069,0.0954,0.105,0.1417,0.1886,561,Digby,NS
-64.9,44.98,0.5,0.0096,0.0131,0.0166,0.028,0.0421,0.0601,0.0817,0.0894,0.1203,0.1614,562,Greenwood (CFB),NS
-63.57,44.67,0.5,0.0089,0.0122,0.0154,0.0253,0.0376,0.054,0.0743,0.0818,0.1121,0.1526,563,Dartmouth,NS
-63.6,44.65,0.5,0.0089,0.0122,0.0154,0.0254,0.0377,0.0541,0.0745,0.082,0.1123,0.1528,564,Halifax,NS
-64.5,45.08,0.5,0.0105,0.014,0.0175,0.0284,0.0417,0.0586,0.0792,0.0866,0.1165,0.157,565,Kentville,NS
-64.72,44.03,0.5,0.0079,0.0113,0.0145,0.0249,0.0381,0.0558,0.0779,0.0859,0.1181,0.1601,566,Liverpool,NS
-65.12,43.7,0.5,0.0073,0.0107,0.0138,0.0241,0.0375,0.0557,0.0788,0.0872,0.1209,0.1651,567,Lockeport,NS
-59.98,45.92,0.5,0.0083,0.012,0.0155,0.0269,0.0411,0.0593,0.081,0.0887,0.1191,0.1583,568,Louisburg,NS
-64.32,44.38,0.5,0.0096,0.013,0.0162,0.0266,0.0394,0.0563,0.0772,0.0848,0.1153,0.1556,569,Lunenburg,NS
-62.65,45.58,0.5,0.0086,0.0119,0.015,0.0247,0.0364,0.0515,0.0699,0.0766,0.1034,0.1398,570,New Glasgow,NS
-60.25,46.22,0.5,0.0077,0.0113,0.0146,0.0252,0.0381,0.0546,0.0743,0.0813,0.1089,0.1445,571,North Sydney,NS
-62.72,45.68,0.5,0.0086,0.0119,0.015,0.0247,0.0364,0.0513,0.0695,0.0761,0.1024,0.1382,572,Pictou,NS
-61.35,45.62,0.5,0.0074,0.0108,0.0139,0.024,0.0362,0.0521,0.0718,0.079,0.1076,0.1458,573,Port Hawkesbury,NS
-64.05,45.65,0.5,0.0106,0.0141,0.0176,0.0282,0.0412,0.0576,0.0774,0.0847,0.114,0.1545,574,Springhill,NS
-63.35,45.13,0.5,0.0094,0.0127,0.0159,0.0259,0.0381,0.0539,0.0734,0.0806,0.1097,0.1496,575,Stewiacke,NS
-60.18,46.15,0.5,0.0078,0.0114,0.0148,0.0256,0.0387,0.0556,0.0758,0.0829,0.111,0.1476,576,Sydney,NS
-63.3,45.72,0.5,0.0096,0.013,0.0162,0.0262,0.0382,0.0534,0.0718,0.0785,0.1052,0.1415,577,Tatamagouche,NS
-63.27,45.37,0.5,0.0095,0.0128,0.016,0.026,0.0381,0.0536,0.0727,0.0798,0.1081,0.1473,578,Truro,NS
-64.37,45.08,0.5,0.0104,0.0139,0.0173,0.028,0.0412,0.058,0.0783,0.0857,0.1154,0.1558,579,Wolfville,NS
-66.12,43.83,0.5,0.0093,0.0128,0.0163,0.0277,0.0423,0.0616,0.085,0.0935,0.1263,0.168,580,Yarmouth,NS
-63.133,46.233,0.5,0.0097,0.0131,0.0162,0.0262,0.038,0.0529,0.0708,0.0773,0.1029,0.1376,581,Charlottetown,PE
-62.25,46.35,0.5,0.0085,0.0118,0.0148,0.0243,0.0355,0.0497,0.0667,0.0728,0.0969,0.1294,582,Souris,PE
-63.783,46.4,0.5,0.0106,0.0141,0.0176,0.0284,0.0417,0.0588,0.0804,0.0887,0.1241,0.178,583,Summerside,PE
-64.03,46.95,0.5,0.011,0.0146,0.0182,0.0293,0.043,0.0604,0.0821,0.0902,0.1246,0.1755,584,Tignish,PE
-53.98,47.3,0.5,0.0062,0.0097,0.0132,0.0243,0.0374,0.0535,0.0724,0.079,0.1041,0.1357,585,Argentia,NL
-53.12,48.65,0.5,0.0045,0.0069,0.0098,0.0189,0.0302,0.0443,0.0612,0.0671,0.0905,0.1214,586,Bonavista,NL
-56.867,48.817,0.5,0.0053,0.008,0.011,0.0199,0.0305,0.0434,0.0584,0.0639,0.0853,0.1139,587,Buchans,NL
-57.95,54.78,0.5,0.0072,0.0106,0.0138,0.0244,0.038,0.0564,0.0786,0.0863,0.1159,0.1512,588,Cape Harrison,NL
-53.07,46.65,0.5,0.0064,0.0101,0.0137,0.0254,0.0395,0.0572,0.0778,0.0848,0.1125,0.1475,589,Cape Race,NL
-59.15,47.57,0.5,0.0068,0.0101,0.0131,0.0228,0.0343,0.0486,0.0654,0.0714,0.0944,0.1243,590,Channel-Port aux Basques,NL
-57.95,48.95,0.5,0.0054,0.008,0.0109,0.0194,0.0296,0.0421,0.0568,0.0622,0.0834,0.1121,591,Corner Brook,NL
-54.59,48.98,0.5,0.0047,0.0071,0.0101,0.0189,0.0296,0.043,0.0585,0.0641,0.0861,0.1153,592,Gander,NL
-55.77,47.1,0.5,0.0077,0.0118,0.0157,0.0282,0.0432,0.0615,0.0821,0.0893,0.1168,0.1507,593,Grand Bank,NL
-55.67,48.93,0.5,0.0049,0.0074,0.0104,0.0192,0.0298,0.0429,0.0581,0.0636,0.0851,0.1139,594,Grand Falls,NL
-60.37,53.32,0.5,0.0024,0.0038,0.0054,0.0125,0.0215,0.0328,0.0457,0.0501,0.0675,0.0889,595,Happy Valley-Goose Bay,NL
-66.92,52.95,0.5,0.0051,0.0073,0.0098,0.017,0.0255,0.0359,0.0477,0.0518,0.0676,0.087,596,Labrador City,NL
-55.58,51.37,0.5,0.0025,0.0039,0.0053,0.0126,0.0229,0.0359,0.0516,0.0574,0.0799,0.1104,597,St. Anthony,NL
-52.72,47.57,0.5,0.0052,0.008,0.0112,0.0212,0.0335,0.0487,0.0668,0.0731,0.0975,0.1287,598,St. John's,NL
-58.58,48.55,0.5,0.006,0.0089,0.0118,0.0205,0.031,0.0438,0.0588,0.0643,0.0857,0.1142,599,Stephenville,NL
-64.53,53.5,0.5,0.0029,0.0044,0.006,0.0129,0.0211,0.0315,0.0431,0.0471,0.0627,0.082,600,Twin Falls,NL
-52.95,47.63,0.5,0.0052,0.008,0.0113,0.0212,0.0334,0.0485,0.0663,0.0725,0.0966,0.1274,601,Wabana,NL
-66.87,52.92,0.5,0.0052,0.0073,0.0099,0.0171,0.0257,0.036,0.0479,0.052,0.0679,0.0874,602,Wabush,NL
-137.517,61.6,0.5,0.0697,0.0862,0.1028,0.152,0.2072,0.2715,0.3403,0.3634,0.4505,0.5525,603,Aishihik,YT
-139.42,64.07,0.5,0.0436,0.0527,0.0619,0.0911,0.1295,0.1828,0.2511,0.2765,0.3792,0.5151,604,Dawson,YT
-138.8,61.25,0.5,0.1207,0.1609,0.2083,0.3858,0.5998,0.8318,1.0754,1.152,1.4354,1.74,605,Destruction Bay,YT
-140.37,62.4,0.5,0.0784,0.0967,0.1139,0.1655,0.223,0.2913,0.3668,0.3933,0.4924,0.6125,606,Snag,YT
-132.72,60.17,0.5,0.0321,0.0387,0.0452,0.0662,0.0934,0.1315,0.1822,0.2019,0.2841,0.3999,607,Teslin,YT
-128.71,60.13,0.5,0.0231,0.0301,0.0372,0.0619,0.0945,0.1389,0.1937,0.2138,0.2943,0.4013,608,Watson Lake,YT
-135.05,60.72,0.5,0.0524,0.063,0.0729,0.103,0.1388,0.1838,0.2377,0.2573,0.3347,0.4361,609,Whitehorse,YT
-135.01,68.23,0.5,0.0344,0.0442,0.0539,0.0874,0.1329,0.1982,0.2861,0.3201,0.4636,0.6645,610,Aklavik,NT
-117.88,66.05,0.5,0.0042,0.0054,0.0067,0.0114,0.0171,0.0246,0.0341,0.0376,0.052,0.0719,611,Echo Bay / Port Radium,NT
-128.63,66.29,0.5,0.0315,0.039,0.0464,0.07,0.0992,0.1368,0.1813,0.1968,0.257,0.3291,612,Fort Good Hope,NT
-117.65,61.35,0.5,0.0054,0.007,0.0088,0.0144,0.0212,0.03,0.0406,0.0444,0.0594,0.0791,613,Fort Providence,NT
-113.67,61.19,0.5,0.0022,0.0032,0.004,0.0074,0.0126,0.0196,0.0288,0.0323,0.0469,0.0676,614,Fort Resolution,NT
-121.35,61.93,0.5,0.0185,0.0238,0.0291,0.0461,0.0672,0.0934,0.1234,0.134,0.1724,0.2163,615,Fort Simpson,NT
-111.88,60,0.5,0.0014,0.0023,0.0033,0.0067,0.0123,0.0195,0.0288,0.0323,0.0471,0.0678,616,Fort Smith,NT
-115.733,60.85,0.5,0.0033,0.0043,0.0054,0.0094,0.0147,0.0218,0.031,0.0344,0.0488,0.069,617,Hay River,NT
-117.75,70.73,0.5,0.0029,0.004,0.0051,0.01,0.0162,0.0246,0.0348,0.0386,0.0535,0.0735,618,Ulukhaqtuuq / Holman,NT
-133.72,68.35,0.5,0.0281,0.0355,0.0432,0.0681,0.1008,0.1452,0.2017,0.2228,0.3084,0.4241,619,Inuvik,NT
-119.33,76.23,0.5,0.0029,0.0043,0.0058,0.0124,0.0212,0.0329,0.0467,0.0514,0.0694,0.0899,620,Mould Bay,NT
-126.85,65.283,0.5,0.0462,0.0601,0.0742,0.1225,0.189,0.2815,0.3999,0.4442,0.6207,0.8468,621,Norman Wells,NT
-116.05,62.83,0.5,0.004,0.0052,0.0064,0.0109,0.0163,0.0236,0.0327,0.0361,0.0502,0.0698,622,Rae-Edzo,NT
-128.27,61.95,0.5,0.0319,0.0404,0.0489,0.0771,0.1126,0.1595,0.217,0.2383,0.3214,0.4307,623,Tungsten,NT
-114.35,62.48,0.5,0.0028,0.0037,0.0046,0.0081,0.0131,0.0199,0.0289,0.0324,0.0468,0.0674,624,Yellowknife,NT
-62.25,82.48,0.5,0.004,0.0061,0.0086,0.0176,0.0305,0.049,0.0737,0.0829,0.1207,0.1719,625,Alert,NU
-85.17,73.03,0.5,0.0122,0.0158,0.0193,0.03,0.0423,0.0571,0.0742,0.0801,0.1027,0.1303,626,Arctic Bay,NU
-94.05,61.12,0.5,0.0025,0.0037,0.0049,0.0098,0.0158,0.0236,0.033,0.0365,0.0508,0.0705,627,Arviat,NU
-96.02,64.32,0.5,0.0037,0.0052,0.007,0.0137,0.0215,0.0316,0.0435,0.0476,0.064,0.0847,628,Baker Lake,NU
-105.03,69.12,0.5,0.0031,0.0043,0.0058,0.0116,0.0184,0.027,0.0372,0.0409,0.0552,0.074,629,Iqaluktuuttiaq / Cambridge Bay,NU
-90.7,63.33,0.5,0.0043,0.0061,0.0083,0.0155,0.0245,0.0359,0.0495,0.0543,0.0729,0.0958,630,Igluligaarjuk / Chesterfield Inlet,NU
-68.57,70.45,0.5,0.0227,0.0297,0.0366,0.0593,0.0876,0.1246,0.1696,0.186,0.2506,0.3342,631,Kanngiqtugaapik / Clyde River,NU
-115.08,67.83,0.5,0.0018,0.0025,0.0034,0.0063,0.0113,0.0184,0.0279,0.0315,0.0468,0.068,632,Kugluktuk,NU
-83.17,64.13,0.5,0.0047,0.0068,0.0093,0.0172,0.0273,0.0408,0.0574,0.0635,0.0873,0.1183,633,Salliq / Coral Harbour,NU
-85.95,79.983,0.5,0.0161,0.0205,0.0248,0.0377,0.0531,0.0731,0.0975,0.1066,0.1445,0.1982,634,Eureka,NU
-68.5,63.73,0.5,0.0084,0.0115,0.0143,0.0229,0.033,0.0455,0.0597,0.0647,0.0839,0.1082,635,Iqaluit,NU
-103.53,78.78,0.5,0.0266,0.0345,0.0424,0.0655,0.0919,0.1238,0.1604,0.1733,0.2227,0.2864,636,Isachsen,NU
-78,63.1,0.5,0.0036,0.0052,0.0071,0.0141,0.0231,0.0359,0.0534,0.0603,0.0888,0.1292,637,Nottingham Island,NU
-92.08,62.82,0.5,0.0037,0.0051,0.0068,0.0131,0.0206,0.0302,0.0414,0.0454,0.061,0.0811,638,Kangiqiniq / Rankin Inlet,NU
-94.9,74.68,0.5,0.0127,0.0167,0.0205,0.0328,0.0482,0.069,0.0963,0.1069,0.1514,0.2153,639,Resolute,NU
-64.883,61.3,0.5,0.012,0.0162,0.0205,0.0349,0.0537,0.0793,0.1113,0.1232,0.1721,0.2407,640,Resolution Island,NU
-67.05,45.07,0.5,0.0152,0.0217,0.0289,0.0602,0.1214,0.2286,0.3775,0.4358,0.6648,0.957,641,Saint Andrews ,NB
-66.82,45.13,0.5,0.0147,0.0205,0.0269,0.0513,0.0927,0.1627,0.2606,0.2982,0.4485,0.6451,642,Saint George ,NB
-82.43,52.93,0.5,0.0016,0.0028,0.0039,0.0086,0.0155,0.0252,0.0377,0.0425,0.0615,0.0866,643,Attawapiskat,ON
-75.76,45.28,0.5,0.0173,0.0235,0.0299,0.0526,0.0852,0.134,0.2027,0.2301,0.3503,0.5287,645,Ottawa (Barrhaven),ON
-75.91,45.31,0.5,0.0168,0.0228,0.029,0.0506,0.0815,0.1273,0.1918,0.2176,0.3308,0.5012,646,Ottawa (Kanata),ON
-75.52,45.48,0.5,0.0186,0.0254,0.0324,0.0572,0.093,0.1467,0.2219,0.2518,0.3806,0.5692,647,Ottawa (Orleans),ON
-75.67,45.32,0.5,0.0178,0.0241,0.0308,0.0542,0.0881,0.1391,0.2108,0.2394,0.3643,0.5482,648,Ottawa (M-C Int'l Airport),ON
-79.61,43.68,0.5,0.0069,0.0102,0.0135,0.025,0.0407,0.0632,0.0933,0.105,0.1539,0.2227,649,Toronto (LBP Int'l Airport),ON
-79.38,43.65,0.5,0.0075,0.011,0.0145,0.0268,0.0444,0.0712,0.1103,0.1262,0.1966,0.3007,650,Toronto (city hall),ON
-73.63,45.69,0.5,0.0204,0.0278,0.0354,0.0633,0.1052,0.1711,0.2657,0.3035,0.4649,0.6945,652,Terrebonne,QC
-73.9,45.56,0.5,0.0208,0.0284,0.0363,0.0655,0.1091,0.1771,0.2728,0.3107,0.4712,0.6998,653,Saint-Eustache,QC
-75.93,45.64,0.5,0.0177,0.0239,0.0304,0.0527,0.0843,0.1309,0.1958,0.2214,0.3334,0.5008,654,Wakefield,QC
-74.14,45.4,0.5,0.0209,0.0286,0.0366,0.0665,0.1113,0.1799,0.2762,0.3141,0.4752,0.7043,655,St-Lazare-Hudson,QC
-70.51,47.44,0.5,0.0514,0.0754,0.1011,0.194,0.3283,0.5217,0.7777,0.8702,1.24,1.702,656,Baie-Saint-Paul,QC
-70.04,47.37,0.5,0.0507,0.0735,0.0977,0.1857,0.3115,0.4911,0.7279,0.8148,1.1598,1.5947,657,La Pocatière,QC
-123.47,63.23,0.5,0.0413,0.0542,0.0677,0.1133,0.1758,0.2638,0.3777,0.421,0.5934,0.8182,658,Wrigley,NT
-134.88,67.43,0.5,0.0521,0.0657,0.0789,0.121,0.1739,0.2421,0.3238,0.353,0.4688,0.6178,659,Fort McPherson ,NT
-133.357,62.227,0.5,0.0283,0.0343,0.0402,0.0594,0.0848,0.1208,0.1697,0.1887,0.2686,0.3791,660,Faro,YT
-137.54,60.78,0.5,0.1052,0.1306,0.1563,0.2422,0.349,0.4836,0.6397,0.6928,0.8921,1.1289,661,Haines Junction,YT
-115.35,51.09,0.5,0.0115,0.0161,0.0211,0.0398,0.0677,0.1086,0.1624,0.1827,0.2638,0.3712,662,Canmore,AB
-128.14,52.16,0.5,0.0521,0.0627,0.0724,0.1019,0.1352,0.1746,0.2172,0.2322,0.2856,0.3484,663,Bella Bella,BC
-126.75,52.37,0.5,0.0328,0.0397,0.0464,0.0673,0.0922,0.1233,0.1592,0.1718,0.2194,0.2784,664,Bella Coola,BC
-132.08,53.26,0.5,0.2177,0.2804,0.3419,0.5366,0.7651,1.0209,1.281,1.3737,1.6726,1.9949,665,Queen Charlotte City,BC
-130,58.44,0.5,0.0165,0.0197,0.0228,0.0324,0.0447,0.0615,0.0832,0.0914,0.1248,0.1704,666,Dease Lake ,BC
-126.05,49.78,0.5,0.0867,0.1101,0.1348,0.2359,0.4079,0.6442,0.8987,0.9874,1.2842,1.6094,667,Gold River ,BC
-127.45,50.38,0.5,0.1744,0.2276,0.2815,0.4535,0.6608,0.9075,1.1777,1.2701,1.5963,1.955,668,Port Alice ,BC
-126.65,49.93,0.5,0.1338,0.1714,0.2115,0.3603,0.5692,0.8275,1.102,1.191,1.5122,1.8592,669,Tahsis,BC
-125.13,48.83,0.5,0.0764,0.0986,0.1226,0.2198,0.4198,0.7968,1.2052,1.3462,1.8047,2.278,670,Bamfield,BC
-124.4,48.56,0.5,0.1056,0.1387,0.1743,0.3108,0.5332,0.858,1.2213,1.3492,1.7744,2.2171,671,Port Renfrew ,BC
-124.05,48.42,0.5,0.1204,0.1578,0.1972,0.3428,0.5605,0.8594,1.1946,1.3109,1.7088,2.1297,672,Jordan River ,BC
-123.72,48.38,0.5,0.1383,0.1809,0.2252,0.3794,0.5872,0.8494,1.1404,1.2385,1.5866,1.963,673,Sooke,BC
-123.5,48.45,0.5,0.1511,0.1972,0.2449,0.4025,0.5998,0.8367,1.0975,1.1831,1.4959,1.8392,674,Langford,BC
-123.82,48.99,0.5,0.1278,0.1687,0.2105,0.3503,0.5197,0.7268,0.945,1.0221,1.2781,1.5628,675,Ladysmith,BC
-124.33,49.32,0.5,0.0922,0.1215,0.1526,0.2626,0.4083,0.5901,0.7903,0.8549,1.0948,1.3632,676,Parksville,BC
-123.75,49.47,0.5,0.0896,0.1176,0.1468,0.2455,0.3679,0.5189,0.6899,0.7483,0.9535,1.1848,677,Sechelt,BC
-122.96,50.12,0.5,0.0442,0.0568,0.0697,0.1125,0.1679,0.2403,0.3259,0.3562,0.4756,0.6274,678,Whistler ,BC
-122.8,49.02,0.5,0.1071,0.1388,0.1704,0.2722,0.3946,0.5424,0.7095,0.7672,0.9698,1.1992,679,White Rock ,BC
-82.657,46.381,0.5,0.0043,0.0062,0.0084,0.0158,0.025,0.0363,0.0497,0.0544,0.0725,0.0943,680,Elliot Lake ,ON
-80.394,44.17,0.5,0.0061,0.0088,0.0117,0.0208,0.0323,0.0467,0.0637,0.0695,0.0915,0.1181,681,Dundalk,ON
-80.204,44.076,0.5,0.0062,0.009,0.012,0.0214,0.0333,0.0484,0.0663,0.0725,0.0961,0.1247,682,Shelburne,ON
-73.554,45.509,0.5,0.0203,0.0278,0.0355,0.0639,0.107,0.1749,0.2722,0.3108,0.4747,0.7067,683,Montréal (city hall),QC
