NBCC PGV values for building code localities,,,,,,,,,,,,,,,
"mean values, soil class C",,,,,,,,,,,,,,,
,,,Annual probability,,,,,,,,,,,,
Longitude,Latitude,Parameter,0.02,0.01375,0.01,0.00445,0.0021,0.001,0.0005,0.000404,0.0002,0.0001,Ref No.,Location,Prov.
-121.283,51.65,PGV,0.0121,0.0157,0.0194,0.0322,0.0495,0.0734,0.1022,0.112,0.15,0.1944,1,100 Mile House,BC
-122.329,49.052,PGV,0.0491,0.0647,0.0808,0.1362,0.2077,0.302,0.4096,0.4469,0.5852,0.7465,2,Abbotsford,BC
-121.77,49.23,PGV,0.0334,0.0436,0.0539,0.0896,0.1376,0.2014,0.2786,0.3063,0.4055,0.5202,3,Agassiz,BC
-124.8,49.27,PGV,0.0495,0.0658,0.0839,0.155,0.2684,0.4329,0.6239,0.6871,0.9176,1.1715,4,Alberni,BC
-121.28,50.72,PGV,0.015,0.0194,0.0241,0.0403,0.0633,0.0955,0.1357,0.1497,0.2025,0.2641,5,Ashcroft,BC
-121.4,57.38,PGV,0.0046,0.006,0.0075,0.0131,0.0216,0.0342,0.0511,0.0577,0.0848,0.1226,6,Beatton River,BC
-125.75,54.23,PGV,0.0185,0.024,0.0294,0.0458,0.0646,0.0857,0.1086,0.1161,0.1438,0.1749,7,Burns Lake,BC
-121.32,50.8,PGV,0.0148,0.0192,0.0237,0.0398,0.0624,0.0942,0.1335,0.1472,0.1989,0.2592,8,Cache Creek,BC
-125.24,50.02,PGV,0.0392,0.0509,0.0635,0.1151,0.1975,0.3132,0.4446,0.4873,0.6525,0.8333,9,Campbell River,BC
-119.12,49.5,PGV,0.0115,0.0149,0.0184,0.0305,0.0475,0.0721,0.1035,0.1144,0.1566,0.2055,10,Carmi,BC
-117.67,49.32,PGV,0.0093,0.0124,0.0154,0.0255,0.0391,0.0576,0.0804,0.0885,0.1193,0.1563,11,Castlegar,BC
-121.63,55.7,PGV,0.0073,0.0101,0.0126,0.0205,0.0307,0.0447,0.0636,0.071,0.1024,0.1476,12,Chetwynd,BC
-121.95,49.167,PGV,0.0378,0.0495,0.0617,0.1028,0.1576,0.2309,0.3171,0.3465,0.4595,0.5923,13,Chilliwack,BC
-124.93,49.68,PGV,0.0418,0.0547,0.0689,0.125,0.214,0.3395,0.486,0.5363,0.7219,0.9232,14,Comox,BC
-124.98,49.68,PGV,0.0418,0.0546,0.0687,0.1249,0.2151,0.3425,0.4913,0.5426,0.7309,0.9351,15,Courtenay,BC
-115.77,49.5,PGV,0.0097,0.0132,0.0167,0.0283,0.0426,0.0606,0.0811,0.0882,0.1154,0.1486,16,Cranbrook,BC
-117.55,49.45,PGV,0.0091,0.0122,0.0152,0.0252,0.0385,0.0565,0.0787,0.0864,0.1162,0.152,17,Crescent Valley,BC
-123.65,48.87,PGV,0.0794,0.1066,0.1353,0.2348,0.3606,0.5179,0.6965,0.758,0.9704,1.2062,18,Crofton,BC
-120.23,55.77,PGV,0.0037,0.005,0.0064,0.0122,0.0213,0.035,0.0536,0.0609,0.0906,0.1317,19,Dawson Creek,BC
-122.3,51.58,PGV,0.0151,0.0195,0.0241,0.0398,0.0615,0.0908,0.1262,0.139,0.185,0.2387,20,Dog Creek,BC
-123.7,48.78,PGV,0.081,0.1086,0.1378,0.2401,0.3714,0.5366,0.7246,0.7875,1.0151,1.2614,21,Duncan,BC
-115.12,49.3,PGV,0.0112,0.0153,0.0195,0.0331,0.0498,0.071,0.0953,0.104,0.1364,0.176,22,Elko,BC
-115.07,49.5,PGV,0.0106,0.0146,0.0185,0.0316,0.0479,0.0692,0.0945,0.1037,0.1399,0.1881,23,Fernie,BC
-122.7,58.83,PGV,0.0072,0.0095,0.0118,0.0198,0.0309,0.0462,0.0656,0.0728,0.1013,0.1388,24,Fort Nelson,BC
-120.85,56.25,PGV,0.0037,0.005,0.0063,0.0118,0.0205,0.034,0.0522,0.0594,0.0883,0.1281,25,Fort St. John,BC
-117.52,51.27,PGV,0.0077,0.0107,0.0137,0.0238,0.0374,0.056,0.0789,0.0871,0.1195,0.1614,26,Glacier,BC
-116.97,51.3,PGV,0.0076,0.0107,0.0138,0.0246,0.0395,0.0605,0.0875,0.0978,0.1399,0.1986,27,Golden,BC
-118.45,49.03,PGV,0.0105,0.0137,0.0169,0.028,0.0435,0.0655,0.0933,0.1036,0.1418,0.1864,28,Grand Forks,BC
-118.68,49.1,PGV,0.0109,0.0142,0.0175,0.029,0.0451,0.0683,0.0978,0.1084,0.1484,0.1951,29,Greenwood,BC
-121.44,49.38,PGV,0.0266,0.0346,0.0429,0.0711,0.1096,0.1628,0.2278,0.2509,0.3361,0.4371,30,Hope,BC
-120.32,50.67,PGV,0.012,0.0156,0.0193,0.0323,0.0506,0.0765,0.1082,0.1195,0.1623,0.2117,31,Kamloops,BC
-116.92,49.92,PGV,0.0085,0.0116,0.0145,0.0243,0.0369,0.0533,0.073,0.0799,0.1061,0.1381,32,Kaslo,BC
-119.48,49.88,PGV,0.0117,0.0151,0.0187,0.0313,0.0488,0.0741,0.1058,0.1169,0.1599,0.2095,33,Kelowna,BC
-115.98,49.68,PGV,0.0093,0.0126,0.0159,0.0268,0.0404,0.0575,0.0777,0.0845,0.1111,0.1438,34,Kimberley,BC
-128.63,54.05,PGV,0.0365,0.0472,0.0578,0.0895,0.1251,0.1661,0.2089,0.2236,0.2745,0.3305,35,Kitimat Plant,BC
-128.65,54.07,PGV,0.0365,0.0472,0.0578,0.0895,0.1251,0.1661,0.2089,0.2236,0.2745,0.3305,36,Kitimat Townsite,BC
-121.93,50.68,PGV,0.018,0.0233,0.0289,0.0489,0.0777,0.1184,0.1694,0.1875,0.2561,0.3368,37,Lillooet,BC
-121.57,50.23,PGV,0.0192,0.0249,0.0309,0.0519,0.0819,0.1247,0.1788,0.1974,0.2703,0.355,38,Lytton,BC
-123.08,55.3,PGV,0.0097,0.0129,0.016,0.0256,0.0369,0.0515,0.0695,0.0762,0.1042,0.1448,39,Mackenzie,BC
-132.1,54.02,PGV,0.1041,0.1378,0.1693,0.2625,0.3619,0.4751,0.5962,0.6355,0.7744,0.9227,40,Masset,BC
-120.17,53.3,PGV,0.008,0.0111,0.0142,0.0248,0.0391,0.0594,0.0864,0.0968,0.1409,0.2044,41,McBride,BC
-123.03,54.98,PGV,0.0101,0.0134,0.0165,0.0264,0.0381,0.0528,0.0706,0.077,0.1033,0.1403,42,McLeod Lake,BC
-120.783,50.1,PGV,0.0159,0.0205,0.0254,0.0425,0.0666,0.1013,0.1447,0.1602,0.2185,0.2866,43,Merritt,BC
-122.3,49.13,PGV,0.0457,0.0601,0.0751,0.1259,0.1931,0.2806,0.3813,0.4179,0.5467,0.6995,44,Mission City,BC
-117.58,49.08,PGV,0.0094,0.0125,0.0156,0.0259,0.0397,0.0583,0.0811,0.0892,0.1202,0.1573,45,Montrose,BC
-117.8,50.23,PGV,0.0086,0.0115,0.0144,0.024,0.0367,0.0541,0.0756,0.0831,0.1118,0.1465,46,Nakusp,BC
-123.93,49.17,PGV,0.0671,0.0903,0.1151,0.2037,0.3209,0.4667,0.6328,0.6876,0.8863,1.1104,47,Nanaimo,BC
-117.28,49.48,PGV,0.009,0.012,0.0151,0.0251,0.0381,0.0555,0.0767,0.084,0.1122,0.1464,48,Nelson,BC
-127.7,52.35,PGV,0.0402,0.0518,0.0637,0.1,0.1415,0.1892,0.2411,0.2575,0.3183,0.3844,49,Ocean Falls,BC
-119.5,49.03,PGV,0.0137,0.0177,0.0218,0.0363,0.0569,0.0867,0.1248,0.1389,0.1896,0.2491,50,Osoyoos,BC
-119.58,49.5,PGV,0.0129,0.0167,0.0206,0.0343,0.0537,0.0816,0.1168,0.1297,0.1778,0.2328,51,Penticton,BC
-124.8,49.233,PGV,0.0502,0.0667,0.0851,0.1575,0.2739,0.4423,0.6396,0.7057,0.9432,1.2032,52,Port Alberni,BC
-127.42,50.7,PGV,0.0637,0.0837,0.1051,0.1797,0.272,0.3825,0.5014,0.5417,0.6865,0.8422,53,Port Hardy,BC
-127.1,50.58,PGV,0.0616,0.0808,0.1014,0.1751,0.2701,0.3857,0.5113,0.5546,0.7083,0.8732,54,Port McNeill,BC
-124.52,49.83,PGV,0.0399,0.0523,0.0658,0.1171,0.1926,0.2966,0.4177,0.458,0.6126,0.7839,55,Powell River,BC
-122.75,53.92,PGV,0.0112,0.0146,0.0181,0.0288,0.0417,0.0574,0.0758,0.082,0.1063,0.1357,56,Prince George,BC
-130.32,54.32,PGV,0.0524,0.0679,0.0827,0.1277,0.1782,0.2347,0.2944,0.3141,0.3821,0.4585,57,Prince Rupert,BC
-120.51,49.5,PGV,0.0176,0.0229,0.0283,0.0474,0.0747,0.1138,0.1639,0.1821,0.2502,0.3297,58,Princeton,BC
-124.45,49.35,PGV,0.0529,0.0708,0.0903,0.1642,0.2708,0.4137,0.5752,0.6322,0.8299,1.0542,59,Qualicum Beach,BC
-122.48,52.98,PGV,0.0122,0.0158,0.0195,0.0314,0.0462,0.0653,0.0873,0.0951,0.1241,0.1585,60,Quesnel,BC
-118.2,50.98,PGV,0.0082,0.0111,0.0139,0.0236,0.0364,0.0537,0.0749,0.0822,0.1103,0.1441,61,Revelstoke,BC
-119.28,50.7,PGV,0.0097,0.0127,0.0158,0.0266,0.0415,0.0622,0.0876,0.0969,0.1314,0.1721,62,Salmon Arm,BC
-131.82,53.25,PGV,0.1316,0.1776,0.2208,0.3489,0.4883,0.649,0.8135,0.8665,1.0605,1.2669,63,Sandspit,BC
-123.4,48.65,PGV,0.0864,0.1154,0.1458,0.2495,0.3804,0.5438,0.7293,0.7911,1.0168,1.2619,64,Sidney,BC
-126.43,59.88,PGV,0.0195,0.026,0.0329,0.0583,0.0957,0.1516,0.2264,0.255,0.3711,0.5261,65,Smith River,BC
-127.167,54.783,PGV,0.0221,0.0285,0.0346,0.0536,0.0754,0.0998,0.1253,0.1342,0.1645,0.1986,66,Smithers,BC
-123.15,49.7,PGV,0.04,0.0528,0.0664,0.1145,0.1808,0.2671,0.3674,0.4033,0.5314,0.6833,67,Squamish,BC
-129.98,55.93,PGV,0.0308,0.0387,0.0466,0.0711,0.0995,0.1326,0.1681,0.1803,0.2224,0.2702,68,Stewart,BC
-120.69,56.2,PGV,0.0037,0.0049,0.0063,0.0117,0.0204,0.0338,0.0519,0.059,0.0877,0.1272,69,Taylor,BC
-128.6,54.52,PGV,0.0325,0.0419,0.0509,0.0793,0.1111,0.148,0.1871,0.1996,0.2464,0.2973,70,Terrace,BC
-125.88,49.12,PGV,0.0443,0.0572,0.0718,0.1387,0.2924,0.5526,0.8461,0.9437,1.2803,1.6443,71,Tofino,BC
-117.7,49.1,PGV,0.0095,0.0126,0.0156,0.026,0.0398,0.0588,0.0821,0.0904,0.122,0.16,72,Trail,BC
-125.55,48.93,PGV,0.0432,0.0562,0.0707,0.1339,0.2741,0.5404,0.8466,0.9473,1.2922,1.6625,73,Ucluelet,BC
-122.92,49.28,PGV,0.0529,0.0703,0.0884,0.1519,0.2352,0.3396,0.4603,0.5005,0.6543,0.8265,74,Burnaby (Simon Fraser Univ.),BC
-122.733,49.1,PGV,0.0568,0.0754,0.0946,0.1605,0.2464,0.3536,0.4765,0.5183,0.6751,0.8503,75,Cloverdale,BC
-122.6,49.22,PGV,0.0487,0.0645,0.0808,0.1371,0.2104,0.3067,0.4158,0.4529,0.593,0.7543,76,Haney,BC
-123.08,49.08,PGV,0.0657,0.0875,0.1103,0.1889,0.2892,0.4143,0.5522,0.6023,0.776,0.9706,77,Ladner,BC
-122.65,49.1,PGV,0.0548,0.0725,0.0909,0.1542,0.2367,0.3402,0.4596,0.4995,0.652,0.8232,78,Langley,BC
-122.92,49.22,PGV,0.0557,0.0741,0.0931,0.1596,0.2464,0.3545,0.4785,0.5207,0.6788,0.8555,79,New Westminster,BC
-123.07,49.32,PGV,0.054,0.0719,0.0907,0.1565,0.2432,0.3511,0.4752,0.5172,0.675,0.8514,80,North Vancouver,BC
-123.1,49.17,PGV,0.0618,0.0822,0.1039,0.1788,0.2744,0.3942,0.5279,0.5755,0.7452,0.934,81,Richmond,BC
-122.79,49.163,PGV,0.0553,0.0735,0.0922,0.1572,0.242,0.3478,0.4696,0.5106,0.6661,0.8402,82,Surrey (88 Ave & 156 St.),BC
-123.12,49.25,PGV,0.0582,0.0777,0.0982,0.1693,0.2611,0.3762,0.5063,0.5517,0.7167,0.9006,83,Vancouver (city hall),BC
-123.14,49.234,PGV,0.0594,0.0792,0.1002,0.1726,0.266,0.383,0.5148,0.5612,0.7284,0.9139,84,Vancouver (Granville & 41 Ave),BC
-123.17,49.33,PGV,0.0552,0.0737,0.0931,0.1611,0.2501,0.3615,0.4885,0.532,0.6936,0.8738,85,West Vancouver,BC
-119.27,50.3,PGV,0.0104,0.0135,0.0167,0.028,0.0437,0.0659,0.0935,0.1036,0.141,0.1849,86,Vernon,BC
-123.32,48.42,PGV,0.0892,0.1186,0.1495,0.2561,0.3934,0.5664,0.7638,0.8263,1.0639,1.3283,87,Victoria Gonzales Height,BC
-123.33,48.47,PGV,0.0892,0.1187,0.1497,0.256,0.3925,0.5637,0.7587,0.8211,1.0568,1.3187,88,Victoria Mt Tolmie,BC
-123.37,48.43,PGV,0.0888,0.1183,0.1492,0.2561,0.3945,0.5698,0.7691,0.8326,1.073,1.3418,89,Victoria,BC
-122.15,52.133,PGV,0.0132,0.0171,0.021,0.0343,0.0518,0.0756,0.1037,0.1133,0.1505,0.194,90,Williams Lake,BC
-124.2,48.88,PGV,0.0704,0.0948,0.1211,0.2187,0.3555,0.5362,0.7451,0.8124,1.0618,1.3385,91,Youbou,BC
-113.28,54.72,PGV,0.0018,0.0027,0.0036,0.0069,0.0121,0.0191,0.0283,0.0317,0.0454,0.0636,92,Athabasca,AB
-115.57,51.17,PGV,0.0072,0.0103,0.0134,0.0242,0.0392,0.0605,0.0883,0.0989,0.1426,0.2029,93,Banff,AB
-114.4,54.13,PGV,0.0024,0.0036,0.0047,0.0096,0.0165,0.0266,0.0404,0.0458,0.0691,0.1039,94,Barrhead,AB
-119.43,55.22,PGV,0.0039,0.0054,0.0071,0.0138,0.0234,0.0373,0.056,0.0633,0.0932,0.1349,95,Beaverlodge,AB
-111.88,50.58,PGV,0.0048,0.0067,0.0089,0.0156,0.0243,0.036,0.0511,0.0569,0.0809,0.1154,96,Brooks,AB
-114.08,51.05,PGV,0.0063,0.0089,0.0116,0.0203,0.032,0.048,0.0687,0.0765,0.108,0.151,97,Calgary,AB
-114.65,54.13,PGV,0.0026,0.0037,0.0049,0.0101,0.0174,0.028,0.0426,0.0483,0.0729,0.1097,98,Campsie,AB
-112.83,53.02,PGV,0.0029,0.004,0.0051,0.0097,0.016,0.0251,0.0374,0.0422,0.0621,0.0904,99,Camrose,AB
-113.3,49.2,PGV,0.0113,0.0157,0.0201,0.0349,0.0536,0.0785,0.1085,0.1194,0.1637,0.2229,100,Cardston,AB
-113.58,50.03,PGV,0.0083,0.0117,0.015,0.0258,0.0397,0.0582,0.0814,0.09,0.1254,0.174,101,Claresholm,AB
-110.17,54.45,PGV,0.0012,0.0018,0.0025,0.0049,0.0088,0.0145,0.0218,0.0247,0.0361,0.0517,102,Cold Lake,AB
-114.5,49.63,PGV,0.0107,0.0146,0.0187,0.0322,0.0493,0.0723,0.1008,0.1114,0.1549,0.2148,103,Coleman,AB
-111.45,52.08,PGV,0.0032,0.0042,0.0053,0.0098,0.0154,0.023,0.0326,0.0362,0.0506,0.0696,104,Coronation,AB
-114.08,49.57,PGV,0.0108,0.0149,0.019,0.0327,0.0502,0.0736,0.1027,0.1135,0.1575,0.218,105,Cowley,AB
-112.7,51.47,PGV,0.0044,0.0059,0.0078,0.014,0.0221,0.0335,0.0488,0.0548,0.08,0.1164,106,Drumheller,AB
-113.47,53.55,PGV,0.0028,0.0039,0.005,0.0097,0.0162,0.026,0.0394,0.0447,0.0677,0.1022,107,Edmonton,AB
-116.43,53.58,PGV,0.0042,0.0059,0.0079,0.0154,0.026,0.0409,0.0603,0.0676,0.0971,0.1375,108,Edson,AB
-111.47,58.45,PGV,0.0008,0.0012,0.0017,0.0039,0.0073,0.0128,0.02,0.0227,0.0344,0.0509,109,Embarras Portage,AB
-118.38,56.07,PGV,0.0027,0.0038,0.005,0.0101,0.0177,0.0291,0.0448,0.0509,0.0772,0.1151,110,Fairview,AB
-113.42,49.72,PGV,0.009,0.0126,0.0161,0.0279,0.0431,0.063,0.0876,0.0968,0.1336,0.1838,111,Fort MacLeod,AB
-111.38,56.73,PGV,0.0011,0.0016,0.0022,0.0045,0.0081,0.0137,0.0209,0.0237,0.0352,0.0515,112,Fort McMurray,AB
-113.22,53.72,PGV,0.0026,0.0036,0.0046,0.0088,0.0148,0.0232,0.0343,0.0385,0.0554,0.0782,113,Fort Saskatchewan,AB
-116,58.4,PGV,0.002,0.0028,0.0035,0.0063,0.0106,0.0165,0.0242,0.0271,0.039,0.0556,114,Fort Vermilion,AB
-118.8,55.17,PGV,0.0035,0.0048,0.0063,0.0124,0.0214,0.0347,0.0525,0.0594,0.0877,0.127,115,Grande Prairie,AB
-118.73,58.83,PGV,0.0035,0.0045,0.0057,0.0101,0.0158,0.0236,0.0333,0.0368,0.051,0.0694,116,Habay,AB
-111.3,52.67,PGV,0.0027,0.0037,0.0046,0.0083,0.0135,0.0204,0.0294,0.0327,0.0461,0.064,117,Hardisty,AB
-113.87,50.58,PGV,0.0071,0.0101,0.0129,0.0224,0.0348,0.0517,0.073,0.0809,0.113,0.1564,118,High River,AB
-117.58,53.4,PGV,0.0059,0.0085,0.0115,0.0219,0.0366,0.0581,0.0868,0.0981,0.1451,0.2108,119,Hinton,AB
-118.08,52.88,PGV,0.007,0.0101,0.0132,0.0244,0.0399,0.0622,0.0914,0.1026,0.149,0.2133,120,Jasper,AB
-117.62,57.75,PGV,0.0023,0.0033,0.0042,0.0076,0.0127,0.0197,0.0288,0.0322,0.0459,0.0641,121,Keg River,AB
-111.97,54.77,PGV,0.0015,0.0022,0.0031,0.0058,0.0103,0.0164,0.0245,0.0275,0.0399,0.0566,122,Lac la Biche,AB
-113.73,52.47,PGV,0.0038,0.0052,0.0068,0.0128,0.021,0.033,0.0491,0.0554,0.0817,0.1193,123,Lacombe,AB
-112.82,49.7,PGV,0.0078,0.0112,0.0143,0.0247,0.0377,0.0546,0.0751,0.0823,0.1108,0.1479,124,Lethbridge,AB
-117.62,56.92,PGV,0.0018,0.0028,0.0037,0.0075,0.0134,0.0215,0.0322,0.0361,0.0523,0.0738,125,Manning,AB
-110.67,50.05,PGV,0.0044,0.006,0.0079,0.0142,0.0216,0.0313,0.0429,0.0469,0.063,0.0835,126,Medicine Hat,AB
-117.28,56.23,PGV,0.002,0.0031,0.0042,0.0085,0.0151,0.0245,0.0373,0.0424,0.0636,0.0942,127,Peace River,AB
-113.95,49.48,PGV,0.0112,0.0154,0.0196,0.0338,0.0518,0.0758,0.1055,0.1164,0.1609,0.2214,128,Pincher Creek,AB
-111.68,53.42,PGV,0.0023,0.0033,0.0042,0.0075,0.0125,0.0192,0.028,0.0312,0.0445,0.0621,129,Ranfurly,AB
-113.8,52.27,PGV,0.004,0.0055,0.0072,0.0136,0.0221,0.0344,0.0509,0.0573,0.084,0.1216,130,Red Deer,AB
-114.92,52.37,PGV,0.0046,0.0065,0.0087,0.0163,0.0269,0.0422,0.062,0.0694,0.0999,0.1411,131,Rocky Mountain House,AB
-114.77,55.28,PGV,0.002,0.003,0.0039,0.0076,0.0133,0.021,0.0311,0.0347,0.0497,0.0696,132,Slave Lake,AB
-112.72,52.32,PGV,0.0035,0.0048,0.0062,0.0115,0.0185,0.0286,0.0426,0.0481,0.0718,0.1069,133,Stettler,AB
-114,53.53,PGV,0.0031,0.0042,0.0054,0.0106,0.0179,0.0286,0.0433,0.0491,0.0741,0.1111,134,Stony Plain,AB
-111.17,50.2,PGV,0.0047,0.0065,0.0086,0.0152,0.0234,0.0342,0.0476,0.0525,0.0727,0.1005,135,Suffield,AB
-112.15,49.78,PGV,0.0066,0.0095,0.0122,0.0211,0.0324,0.0471,0.0651,0.0716,0.0977,0.1328,136,Taber,AB
-114.28,50.67,PGV,0.0074,0.0106,0.0136,0.0239,0.0377,0.0571,0.0829,0.0928,0.1346,0.1939,137,Turner Valley,AB
-117.28,55.07,PGV,0.0029,0.0041,0.0055,0.0113,0.0195,0.0316,0.0478,0.0541,0.0807,0.1189,138,Valleyview,AB
-112.05,53.5,PGV,0.0023,0.0033,0.0041,0.0075,0.0126,0.0196,0.0288,0.0322,0.046,0.0643,139,Vegreville,AB
-110.85,53.37,PGV,0.0021,0.0031,0.0038,0.0068,0.0114,0.0176,0.0256,0.0286,0.0409,0.0575,140,Vermilion,AB
-114.98,55.35,PGV,0.002,0.003,0.004,0.0077,0.0135,0.0213,0.0316,0.0353,0.0506,0.071,141,Wagner,AB
-110.87,52.82,PGV,0.0024,0.0034,0.0042,0.0075,0.0124,0.0188,0.0271,0.0302,0.0428,0.0596,142,Wainwright,AB
-113.37,52.97,PGV,0.0032,0.0044,0.0057,0.0109,0.0181,0.0287,0.0434,0.0492,0.0741,0.1109,143,Wetaskiwin,AB
-115.68,54.15,PGV,0.003,0.0042,0.0057,0.0117,0.0199,0.032,0.0481,0.0543,0.0805,0.1185,144,Whitecourt,AB
-113.58,51.87,PGV,0.0044,0.0061,0.0079,0.0145,0.0232,0.0356,0.0522,0.0587,0.0853,0.1227,145,Wimborne,AB
-105.98,49.63,PGV,0.002,0.0031,0.0042,0.0092,0.0178,0.0314,0.0495,0.0563,0.083,0.1164,146,Assiniboia,SK
-108.33,50.55,PGV,0.0026,0.0036,0.0046,0.0084,0.0138,0.0207,0.0294,0.0325,0.045,0.061,147,Battrum,SK
-108,52.07,PGV,0.0018,0.0027,0.0035,0.0062,0.0106,0.0165,0.0242,0.027,0.0383,0.0537,148,Biggar,SK
-102.58,50.37,PGV,0.0008,0.0014,0.0022,0.0055,0.0115,0.0199,0.0308,0.0346,0.0499,0.0693,149,Broadview,SK
-104.53,51.75,PGV,0.0009,0.0015,0.0022,0.0051,0.0101,0.0168,0.0255,0.0287,0.0414,0.0578,150,Dafoe,SK
-106.5,51.82,PGV,0.0011,0.0017,0.0025,0.0053,0.01,0.0165,0.0248,0.0279,0.0399,0.0558,151,Dundurn,SK
-102.98,49.13,PGV,0.0008,0.0015,0.0026,0.0072,0.0158,0.029,0.0462,0.0526,0.0783,0.1103,152,Estevan,SK
-102.38,52.85,PGV,0.0007,0.0012,0.0017,0.0042,0.008,0.0139,0.0213,0.0242,0.0357,0.0515,153,Hudson Bay,SK
-105.12,52.2,PGV,0.0009,0.0014,0.0021,0.0048,0.0094,0.0158,0.0239,0.0268,0.0387,0.0545,154,Humboldt,SK
-102.35,55.53,PGV,0.0006,0.0009,0.0013,0.0033,0.0064,0.0118,0.019,0.0218,0.0336,0.0499,155,Island Falls,SK
-101.9,51.57,PGV,0.0007,0.0012,0.0018,0.0044,0.0088,0.0153,0.0236,0.0266,0.0387,0.0548,156,Kamsack,SK
-109.17,51.47,PGV,0.0025,0.0035,0.0044,0.0078,0.0127,0.0191,0.027,0.03,0.0416,0.0571,157,Kindersley,SK
-110,53.28,PGV,0.0019,0.0028,0.0036,0.0063,0.0107,0.0165,0.0241,0.027,0.0386,0.0545,158,Lloydminster,SK
-109.48,49.92,PGV,0.0036,0.0048,0.0062,0.0114,0.0176,0.0256,0.0351,0.0385,0.0517,0.0684,159,Maple Creek,SK
-108.43,54.13,PGV,0.0011,0.0017,0.0024,0.0048,0.0087,0.0144,0.0216,0.0244,0.0357,0.0513,160,Meadow Lake,SK
-104.62,52.87,PGV,0.0009,0.0014,0.002,0.0046,0.0087,0.0147,0.0222,0.025,0.0365,0.0521,161,Melfort,SK
-102.8,50.92,PGV,0.0008,0.0014,0.0022,0.0052,0.0107,0.0183,0.028,0.0316,0.0455,0.0633,162,Melville,SK
-105.53,50.4,PGV,0.0011,0.0018,0.0029,0.0068,0.0138,0.0241,0.037,0.042,0.0607,0.0837,163,Moose Jaw,SK
-104,53.37,PGV,0.0009,0.0013,0.002,0.0044,0.0082,0.0141,0.0213,0.0242,0.0355,0.0512,164,Nipawin,SK
-108.28,52.78,PGV,0.0013,0.0019,0.0027,0.0053,0.0095,0.0154,0.0228,0.0256,0.037,0.0524,165,North Battleford,SK
-105.77,53.2,PGV,0.0009,0.0014,0.0021,0.0046,0.0086,0.0145,0.0218,0.0246,0.0359,0.0515,166,Prince Albert,SK
-103.88,50.55,PGV,0.0009,0.0016,0.0025,0.0062,0.0128,0.0224,0.0346,0.0392,0.0568,0.079,167,Qu'Appelle,SK
-104.62,50.45,PGV,0.0009,0.0016,0.0027,0.0067,0.014,0.0246,0.0382,0.0434,0.0633,0.0881,168,Regina,SK
-108,51.55,PGV,0.002,0.0029,0.0037,0.0067,0.0114,0.0176,0.0255,0.0284,0.04,0.0555,169,Rosetown,SK
-106.63,52.12,PGV,0.0011,0.0017,0.0024,0.0051,0.0097,0.0159,0.0239,0.0268,0.0385,0.0541,170,Saskatoon,SK
-108.83,52.37,PGV,0.002,0.0028,0.0036,0.0064,0.0108,0.0166,0.0241,0.0269,0.0382,0.0534,171,Scott,SK
-104.95,51.07,PGV,0.0009,0.0016,0.0024,0.0057,0.0115,0.0196,0.03,0.0336,0.0482,0.0668,172,Strasbourg,SK
-107.8,50.28,PGV,0.0025,0.0035,0.0045,0.0083,0.0139,0.0213,0.0308,0.0341,0.0476,0.0648,173,Swift Current,SK
-108.62,59.57,PGV,0.0006,0.0009,0.0013,0.0033,0.0063,0.0117,0.0189,0.0216,0.0332,0.0493,174,Uranium City,SK
-103.85,49.67,PGV,0.0009,0.0017,0.003,0.0085,0.0191,0.0366,0.0622,0.0722,0.1152,0.1781,175,Weyburn,SK
-102.47,51.22,PGV,0.0007,0.0012,0.0019,0.0047,0.0096,0.0167,0.0256,0.0289,0.0419,0.0587,176,Yorkton,SK
-96.517,50.067,PGV,0.0005,0.0008,0.0012,0.0032,0.0064,0.012,0.0196,0.0225,0.0346,0.0513,177,Beausejour,MB
-100.05,49.233,PGV,0.0006,0.001,0.0015,0.0041,0.0083,0.0149,0.0233,0.0264,0.0387,0.055,178,Boissevain,MB
-99.95,49.833,PGV,0.0005,0.0007,0.0011,0.003,0.0059,0.0112,0.0184,0.0213,0.0331,0.0495,179,Brandon,MB
-94.12,58.75,PGV,0.0006,0.001,0.0014,0.0035,0.0067,0.0121,0.0193,0.0221,0.0339,0.0506,180,Churchill,MB
-100.05,51.15,PGV,0.0007,0.0011,0.0016,0.0041,0.008,0.0142,0.0219,0.0248,0.0365,0.0525,181,Dauphin,MB
-101.88,54.77,PGV,0.0007,0.0011,0.0016,0.0039,0.0072,0.0127,0.0199,0.0226,0.0342,0.0503,182,Flin Flon,MB
-96.99,50.64,PGV,0.0005,0.0008,0.0012,0.0033,0.0064,0.012,0.0195,0.0223,0.0344,0.0509,183,Gimli,MB
-94.667,53.867,PGV,0.0006,0.001,0.0014,0.0036,0.0068,0.0123,0.0196,0.0225,0.0343,0.0509,184,Island Lake,MB
-96.06,50.27,PGV,0.0005,0.0008,0.0012,0.0033,0.0065,0.0123,0.0199,0.0229,0.0351,0.0519,185,Lac du Bonnet,MB
-101.05,56.85,PGV,0.0006,0.0009,0.0014,0.0034,0.0065,0.0119,0.0191,0.0219,0.0336,0.0501,186,Lynn Lake,MB
-98.1,49.183,PGV,0.0004,0.0007,0.001,0.0028,0.0057,0.011,0.0181,0.0209,0.0327,0.0491,187,Morden,MB
-99.467,50.233,PGV,0.0005,0.0008,0.0011,0.0031,0.0061,0.0114,0.0187,0.0215,0.0334,0.0498,188,Neepawa,MB
-96.217,50.567,PGV,0.0005,0.0008,0.0012,0.0033,0.0065,0.0122,0.0198,0.0228,0.0349,0.0517,189,Pine Falls,MB
-98.29,50,PGV,0.0005,0.0008,0.0011,0.0031,0.0061,0.0115,0.0188,0.0216,0.0335,0.05,190,Portage la Prairie,MB
-100.233,50.033,PGV,0.0006,0.0011,0.0016,0.0042,0.0085,0.0151,0.0235,0.0265,0.0388,0.0551,191,Rivers,MB
-96.3,49.36,PGV,0.0005,0.0007,0.0011,0.0031,0.0061,0.0116,0.0191,0.0219,0.034,0.0507,192,Sandilands,MB
-96.867,50.15,PGV,0.0005,0.0008,0.0012,0.0032,0.0063,0.0119,0.0193,0.0222,0.0342,0.0508,193,Selkirk,MB
-96.1,56.25,PGV,0.0006,0.0009,0.0013,0.0034,0.0065,0.0119,0.0191,0.0219,0.0338,0.0505,194,Split Lake,MB
-96.683,49.533,PGV,0.0005,0.0008,0.0011,0.0031,0.0061,0.0116,0.019,0.0219,0.0339,0.0505,195,Steinbach,MB
-101.27,52.14,PGV,0.0007,0.0012,0.0017,0.0042,0.0081,0.0142,0.0217,0.0246,0.0363,0.0522,196,Swan River,MB
-101.25,53.87,PGV,0.0007,0.0011,0.0017,0.0039,0.0074,0.013,0.0202,0.023,0.0344,0.0505,197,The Pas,MB
-97.86,55.79,PGV,0.0006,0.0009,0.0013,0.0034,0.0065,0.0119,0.0191,0.0219,0.0338,0.0504,198,Thompson,MB
-100.93,49.86,PGV,0.0006,0.0011,0.0017,0.0045,0.0093,0.0165,0.0256,0.029,0.0422,0.0591,199,Virden,MB
-97.15,49.89,PGV,0.0005,0.0008,0.0012,0.0032,0.0062,0.0117,0.0191,0.022,0.0339,0.0505,200,Winnipeg,MB
-81.55,43.13,PGV,0.0028,0.0041,0.0055,0.0116,0.0199,0.0314,0.0458,0.051,0.0719,0.0988,201,Ailsa Craig,ON
-79.03,43.85,PGV,0.0044,0.0066,0.0092,0.0185,0.0322,0.0525,0.0807,0.0917,0.1393,0.2106,202,Ajax,ON
-74.63,45.32,PGV,0.0134,0.019,0.0253,0.0486,0.0847,0.1415,0.2228,0.2552,0.395,0.5968,203,Alexandria,ON
-79.87,44.15,PGV,0.0037,0.0054,0.0074,0.015,0.0253,0.0393,0.0564,0.0627,0.0862,0.1153,204,Alliston,ON
-76.2,45.23,PGV,0.0097,0.0138,0.018,0.0334,0.0561,0.0903,0.1384,0.1576,0.2412,0.3683,205,Almonte,ON
-89.03,50.3,PGV,0.0007,0.0011,0.0016,0.004,0.008,0.0144,0.0229,0.0262,0.0398,0.0584,206,Armstrong,ON
-76.35,45.43,PGV,0.0099,0.014,0.0183,0.0343,0.058,0.0944,0.1466,0.1676,0.2606,0.4034,207,Arnprior,ON
-91.62,48.75,PGV,0.0004,0.0007,0.0011,0.0033,0.0068,0.0133,0.0223,0.026,0.0416,0.0644,208,Atikokan,ON
-79.47,44,PGV,0.004,0.0059,0.0081,0.0164,0.0278,0.0437,0.0636,0.0708,0.0992,0.1354,209,Aurora,ON
-77.85,45.05,PGV,0.0061,0.0089,0.0119,0.0222,0.0363,0.0558,0.08,0.0886,0.1222,0.164,210,Bancroft,ON
-79.67,44.4,PGV,0.0039,0.0057,0.0078,0.0155,0.026,0.0402,0.0573,0.0636,0.0869,0.1154,211,Barrie,ON
-76.47,44.23,PGV,0.0071,0.0103,0.0133,0.0243,0.0391,0.0595,0.0847,0.0939,0.1301,0.1769,212,Barriefield,ON
-79.15,44.43,PGV,0.0044,0.0064,0.0087,0.017,0.0282,0.0434,0.062,0.0685,0.0936,0.1243,213,Beaverton,ON
-77.383,44.167,PGV,0.0057,0.0083,0.0113,0.0213,0.0352,0.0546,0.0796,0.0888,0.1267,0.1788,214,Belleville,ON
-81.08,42.88,PGV,0.0031,0.0045,0.0061,0.0128,0.0219,0.0348,0.0515,0.0577,0.0829,0.117,215,Belmont,ON
-90,53.83,PGV,0.0007,0.0011,0.0016,0.0038,0.0071,0.0127,0.0201,0.0229,0.0348,0.0514,216,Kitchenuhmaykoosib,ON
-79.88,44.27,PGV,0.0037,0.0054,0.0074,0.015,0.0251,0.0389,0.0557,0.0619,0.0847,0.1128,217,CFB Borden,ON
-79.3,45.03,PGV,0.0044,0.0063,0.0087,0.0171,0.0285,0.0442,0.0634,0.0702,0.0966,0.1289,218,Bracebridge,ON
-79.57,44.12,PGV,0.0039,0.0057,0.0079,0.0159,0.0267,0.0417,0.0601,0.0667,0.0922,0.124,219,Bradford,ON
-79.77,43.68,PGV,0.0038,0.0056,0.0078,0.0162,0.0282,0.0453,0.0678,0.0763,0.1106,0.1571,220,Brampton,ON
-80.27,43.13,PGV,0.0034,0.005,0.0069,0.0147,0.0256,0.0415,0.0626,0.0705,0.1037,0.15,221,Brantford,ON
-77.73,44.03,PGV,0.0052,0.0076,0.0105,0.0202,0.034,0.0535,0.0792,0.0888,0.1292,0.1868,222,Brighton,ON
-75.68,44.59,PGV,0.0092,0.0131,0.0171,0.0315,0.0517,0.0807,0.1179,0.1318,0.1875,0.2611,223,Brockville,ON
-79.4,45.62,PGV,0.0046,0.0068,0.0093,0.0184,0.0311,0.0489,0.0716,0.0799,0.1123,0.1536,224,Burk's Falls,ON
-79.8,43.32,PGV,0.0037,0.0056,0.0079,0.0171,0.0313,0.054,0.0883,0.1025,0.1674,0.267,225,Burlington,ON
-80.32,43.38,PGV,0.0034,0.005,0.0069,0.0145,0.0251,0.0401,0.0597,0.067,0.0968,0.1373,226,Cambridge,ON
-77.8,44.3,PGV,0.0052,0.0077,0.0105,0.02,0.0332,0.0512,0.0737,0.0818,0.1136,0.1542,227,Campbellford,ON
-79.03,44.35,PGV,0.0045,0.0065,0.0089,0.0173,0.0287,0.0443,0.0633,0.07,0.0959,0.1277,228,Cannington,ON
-76.15,45.13,PGV,0.0096,0.0135,0.0177,0.0326,0.0542,0.0862,0.1297,0.1467,0.2186,0.3235,229,Carleton Place,ON
-78.47,44.2,PGV,0.0048,0.0071,0.0098,0.0187,0.0312,0.0481,0.0692,0.0769,0.1064,0.1438,230,Cavan,ON
-81.47,43.28,PGV,0.0029,0.0042,0.0056,0.0117,0.02,0.0314,0.0455,0.0505,0.0708,0.0966,231,Centralia,ON
-83.4,47.83,PGV,0.0018,0.0028,0.0039,0.0081,0.0146,0.0236,0.0347,0.0387,0.0547,0.075,232,Chapleau,ON
-82.18,42.4,PGV,0.0024,0.0037,0.0051,0.0112,0.0197,0.0319,0.0478,0.0538,0.0788,0.1135,233,Chatham,ON
-81.08,44.28,PGV,0.0031,0.0045,0.006,0.0123,0.0207,0.0321,0.0459,0.0507,0.0696,0.0926,234,Chesley,ON
-81.53,43.62,PGV,0.0028,0.0041,0.0055,0.0115,0.0195,0.0305,0.0439,0.0486,0.0673,0.0906,235,Clinton,ON
-78.8,44.65,PGV,0.0048,0.0069,0.0094,0.018,0.0298,0.0457,0.0651,0.072,0.0984,0.1304,236,Coboconk,ON
-78.17,43.97,PGV,0.005,0.0073,0.0101,0.0196,0.0332,0.0526,0.0781,0.0877,0.128,0.1857,237,Cobourg,ON
-81.02,49.07,PGV,0.0028,0.0043,0.006,0.0136,0.0252,0.0438,0.0718,0.0833,0.1354,0.2159,238,Cochrane,ON
-77.88,44,PGV,0.0051,0.0075,0.0104,0.02,0.0336,0.0531,0.0788,0.0885,0.1291,0.1874,239,Colborne,ON
-80.22,44.48,PGV,0.0036,0.0052,0.007,0.0142,0.0239,0.0368,0.0525,0.0582,0.0797,0.1058,240,Collingwood,ON
-74.73,45.03,PGV,0.0128,0.0183,0.0244,0.0476,0.0836,0.1402,0.2208,0.2529,0.3907,0.5904,241,Cornwall,ON
-82.43,42.88,PGV,0.0025,0.0037,0.005,0.0106,0.0182,0.0287,0.042,0.0468,0.0661,0.0913,242,Corunna,ON
-77.5,46.1,PGV,0.009,0.013,0.0172,0.0328,0.0567,0.0943,0.1493,0.1717,0.27,0.4201,243,Deep River,ON
-77.05,44.2,PGV,0.006,0.0087,0.0117,0.022,0.0361,0.0558,0.0808,0.09,0.1272,0.1778,244,Deseronto,ON
-81.07,42.98,PGV,0.0031,0.0044,0.0061,0.0127,0.0218,0.0345,0.0508,0.0569,0.0814,0.1143,245,Dorchester,ON
-88.53,48.78,PGV,0.0006,0.0009,0.0014,0.0036,0.0072,0.0134,0.0215,0.0246,0.0372,0.0542,246,Dorion,ON
-82.18,42.58,PGV,0.0026,0.0039,0.0053,0.0113,0.0195,0.0312,0.0463,0.0519,0.0752,0.1071,247,Dresden,ON
-92.75,49.78,PGV,0.0005,0.0009,0.0013,0.0037,0.0076,0.0144,0.024,0.0277,0.0439,0.067,248,Dryden,ON
-79.62,42.9,PGV,0.0037,0.0055,0.0078,0.0168,0.0303,0.0511,0.0813,0.0933,0.1459,0.2228,249,Dunnville,ON
-80.82,44.17,PGV,0.0032,0.0046,0.0062,0.0128,0.0215,0.0334,0.0477,0.0528,0.0726,0.0967,250,Durham,ON
-81.5,42.67,PGV,0.0029,0.0042,0.0058,0.0123,0.0212,0.0339,0.0503,0.0566,0.082,0.1168,251,Dutton,ON
-79.82,47.72,PGV,0.0044,0.0066,0.0091,0.0182,0.0315,0.051,0.0776,0.0876,0.1298,0.1888,252,Earlton,ON
-93.55,49.8,PGV,0.0005,0.0009,0.0013,0.0036,0.0074,0.0141,0.0234,0.027,0.0429,0.0656,253,Edison,ON
-79.87,44.58,PGV,0.0038,0.0055,0.0075,0.0151,0.0253,0.039,0.0556,0.0618,0.0843,0.1118,254,Elmvale,ON
-80.9,43.15,PGV,0.0032,0.0046,0.0062,0.0129,0.0221,0.035,0.0513,0.0574,0.0815,0.1136,255,Embro,ON
-79.87,47.82,PGV,0.0043,0.0064,0.0088,0.0177,0.0305,0.0493,0.0748,0.0845,0.1251,0.1827,256,Englehart,ON
-81.77,46.25,PGV,0.0029,0.0041,0.0056,0.0117,0.02,0.0315,0.0457,0.0508,0.0711,0.0966,257,Espanola,ON
-81.48,43.35,PGV,0.0029,0.0041,0.0056,0.0117,0.0199,0.0312,0.0451,0.0501,0.07,0.0951,258,Exeter,ON
-78.75,44.53,PGV,0.0048,0.0069,0.0094,0.0181,0.0298,0.0457,0.0652,0.0721,0.0986,0.1307,259,Fenelon Falls,ON
-80.37,43.7,PGV,0.0034,0.005,0.0068,0.0141,0.0239,0.0374,0.0542,0.0606,0.0845,0.1149,260,Fergus,ON
-82,43.1,PGV,0.0026,0.0039,0.0053,0.011,0.0188,0.0297,0.0432,0.0479,0.0674,0.0923,261,Forest,ON
-78.93,42.9,PGV,0.0041,0.0062,0.0089,0.0191,0.0352,0.0617,0.1018,0.118,0.19,0.2954,262,Fort Erie,ON
-79.05,42.88,PGV,0.0041,0.0061,0.0087,0.0188,0.0346,0.0607,0.1,0.116,0.1874,0.292,263,Fort Erie (Ridgeway),ON
-93.39,48.61,PGV,0.0004,0.0007,0.0011,0.0031,0.0064,0.0124,0.0209,0.0244,0.0392,0.0612,264,Fort Frances,ON
-76.17,44.33,PGV,0.0076,0.011,0.0143,0.026,0.0421,0.0642,0.0916,0.1019,0.1415,0.1922,265,Gananoque,ON
-86.95,49.73,PGV,0.0007,0.0011,0.0017,0.004,0.0079,0.0141,0.0221,0.0252,0.0376,0.0543,266,Geraldton,ON
-81.72,42.75,PGV,0.0028,0.0041,0.0056,0.0118,0.0203,0.0324,0.0479,0.0537,0.0775,0.1099,267,Glencoe,ON
-81.72,43.75,PGV,0.0028,0.004,0.0054,0.0112,0.0189,0.0296,0.0425,0.047,0.0649,0.0871,268,Goderich,ON
-82.47,45.92,PGV,0.0025,0.0037,0.005,0.0104,0.0176,0.0274,0.0395,0.044,0.061,0.0825,269,Gore Bay,ON
-90.57,49.25,PGV,0.0006,0.0009,0.0014,0.0038,0.0077,0.0145,0.0239,0.0276,0.0435,0.0664,270,Graham,ON
-79.37,44.92,PGV,0.0043,0.0062,0.0085,0.0167,0.0279,0.0432,0.0618,0.0683,0.0937,0.1247,271,Gravenhurst (Muskoka Airport),ON
-79.57,43.2,PGV,0.0038,0.0058,0.0083,0.0182,0.0338,0.0593,0.0978,0.1136,0.1841,0.2881,272,Grimsby,ON
-80.25,43.55,PGV,0.0035,0.0051,0.007,0.0146,0.0251,0.0397,0.0585,0.0654,0.093,0.1294,273,Guelph,ON
-79.55,44.47,PGV,0.004,0.0058,0.008,0.0158,0.0264,0.0408,0.0583,0.0646,0.0882,0.1171,274,Guthrie,ON
-79.63,47.45,PGV,0.0049,0.0074,0.0104,0.0205,0.0358,0.0589,0.0903,0.1026,0.1524,0.2214,275,Haileybury,ON
-79.93,43.07,PGV,0.0035,0.0053,0.0074,0.0161,0.0288,0.0485,0.0767,0.0879,0.1374,0.2115,276,Haldimand (Caledonia),ON
-80.05,42.97,PGV,0.0035,0.0051,0.0072,0.0152,0.0268,0.0438,0.0664,0.0752,0.1114,0.1617,277,Haldimand (Hagersville),ON
-78.52,45.05,PGV,0.0054,0.0079,0.0107,0.02,0.0329,0.0503,0.0721,0.0798,0.1096,0.1462,278,Haliburton,ON
-79.92,43.65,PGV,0.0037,0.0054,0.0075,0.0157,0.0271,0.0434,0.0644,0.0722,0.104,0.1463,279,Halton Hills (Georgetown),ON
-79.86,43.25,PGV,0.0037,0.0055,0.0078,0.0168,0.0307,0.053,0.0867,0.1007,0.1647,0.264,280,Hamilton,ON
-81.03,44.15,PGV,0.0031,0.0045,0.006,0.0124,0.0208,0.0324,0.0462,0.0511,0.0703,0.0936,281,Hanover,ON
-77.95,44.3,PGV,0.0052,0.0076,0.0104,0.0197,0.0327,0.0503,0.0722,0.0801,0.1109,0.15,282,Hastings,ON
-74.62,45.6,PGV,0.0135,0.019,0.025,0.047,0.0798,0.129,0.197,0.2234,0.3346,0.4902,283,Hawkesbury,ON
-83.67,49.68,PGV,0.0015,0.0024,0.0034,0.007,0.013,0.0212,0.0319,0.0358,0.0517,0.0727,284,Hearst,ON
-79.82,44.87,PGV,0.0039,0.0057,0.0077,0.0155,0.0259,0.04,0.0572,0.0635,0.0869,0.1156,285,Honey Harbour,ON
-84.78,49.22,PGV,0.0013,0.002,0.003,0.0061,0.0115,0.0189,0.0284,0.0319,0.0459,0.0642,286,Hornepayne,ON
-79.22,45.33,PGV,0.0046,0.0067,0.0092,0.018,0.0303,0.0471,0.0682,0.076,0.1055,0.1422,287,Huntsville,ON
-80.88,43.03,PGV,0.0031,0.0045,0.0062,0.013,0.0223,0.0354,0.0521,0.0585,0.0835,0.1173,288,Ingersoll,ON
-80.68,48.77,PGV,0.0034,0.0049,0.0069,0.0147,0.026,0.0437,0.0692,0.0796,0.1261,0.1985,289,Iroquois Falls,ON
-87.52,49.68,PGV,0.0007,0.0011,0.0016,0.004,0.0078,0.014,0.0219,0.025,0.0374,0.0541,290,Jellicoe,ON
-82.43,49.42,PGV,0.0018,0.003,0.0042,0.0093,0.0169,0.0281,0.043,0.0486,0.0724,0.1053,291,Kapuskasing,ON
-75.64,45.02,PGV,0.0106,0.0151,0.0199,0.0378,0.0649,0.1066,0.1661,0.1899,0.2935,0.4474,292,Kemptville,ON
-94.43,49.82,PGV,0.0005,0.0008,0.0013,0.0035,0.007,0.0133,0.0219,0.0252,0.0394,0.0594,293,Kenora,ON
-77.42,45.55,PGV,0.0081,0.0116,0.0153,0.0284,0.0473,0.0755,0.1135,0.1282,0.1906,0.2795,294,Killaloe,ON
-81.63,44.18,PGV,0.0028,0.0041,0.0054,0.0113,0.0191,0.0296,0.0424,0.0468,0.0644,0.0859,295,Kincardine,ON
-76.48,44.23,PGV,0.007,0.0102,0.0133,0.0243,0.0391,0.0595,0.0846,0.0938,0.13,0.1766,296,Kingston,ON
-78.65,44.78,PGV,0.0049,0.0072,0.0098,0.0186,0.0307,0.0471,0.0672,0.0745,0.1019,0.1352,297,Kinmount,ON
-80.03,48.15,PGV,0.004,0.0058,0.008,0.0163,0.028,0.0451,0.0682,0.0772,0.1147,0.169,298,Kirkland Lake,ON
-80.48,43.45,PGV,0.0034,0.0049,0.0067,0.0139,0.0238,0.0376,0.055,0.0616,0.0871,0.1205,299,Kitchener,ON
-78.27,44.43,PGV,0.0051,0.0073,0.0101,0.0191,0.0315,0.0483,0.069,0.0765,0.1047,0.1395,300,Lakefield,ON
-87.88,52.23,PGV,0.0008,0.0012,0.0017,0.0041,0.0077,0.0137,0.0214,0.0244,0.0366,0.0533,301,Lansdowne House,ON
-82.57,42.08,PGV,0.0019,0.0033,0.0045,0.0104,0.0188,0.0311,0.0473,0.0534,0.0792,0.1151,302,Leamington,ON
-78.73,44.35,PGV,0.0047,0.0068,0.0093,0.018,0.0299,0.0459,0.0656,0.0727,0.0998,0.1329,303,Lindsay,ON
-81.25,44.98,PGV,0.0031,0.0044,0.006,0.0122,0.0206,0.032,0.0457,0.0505,0.0697,0.0932,304,Lion's Head,ON
-80.95,43.73,PGV,0.0032,0.0045,0.0061,0.0126,0.0213,0.0332,0.0478,0.053,0.0734,0.0986,305,Listowel,ON
-81.23,42.98,PGV,0.0029,0.0043,0.0058,0.0123,0.0211,0.0335,0.0493,0.0552,0.079,0.1108,306,London,ON
-81.4,43.18,PGV,0.0029,0.0042,0.0057,0.0119,0.0203,0.032,0.0466,0.0518,0.073,0.1002,307,Lucan,ON
-75.62,44.63,PGV,0.0095,0.0135,0.0177,0.0327,0.0539,0.0846,0.1245,0.1397,0.2001,0.2813,308,Maitland,ON
-80.65,44.32,PGV,0.0033,0.0048,0.0065,0.0132,0.0222,0.0343,0.0489,0.0542,0.0744,0.0989,309,Markdale,ON
-79.27,43.87,PGV,0.0043,0.0063,0.0088,0.0178,0.0306,0.049,0.0736,0.0829,0.1213,0.175,310,Markham,ON
-91.13,49.25,PGV,0.0005,0.0008,0.0013,0.0036,0.0074,0.0141,0.0235,0.0272,0.0433,0.0664,311,Martin,ON
-80.47,48.53,PGV,0.0036,0.0052,0.0072,0.0149,0.0258,0.0419,0.0641,0.0727,0.1099,0.1653,312,Matheson,ON
-78.7,46.32,PGV,0.007,0.0109,0.015,0.0316,0.0583,0.1018,0.1647,0.1899,0.2979,0.4536,313,Mattawa,ON
-79.88,44.75,PGV,0.0038,0.0055,0.0076,0.0152,0.0254,0.0393,0.056,0.0622,0.085,0.113,314,Midland,ON
-79.88,43.52,PGV,0.0037,0.0055,0.0077,0.0163,0.0287,0.047,0.0721,0.0818,0.1229,0.1818,315,Milton,ON
-80.92,43.57,PGV,0.0032,0.0045,0.0061,0.0127,0.0215,0.0337,0.0486,0.054,0.0753,0.1018,316,Milverton,ON
-78.73,44.92,PGV,0.005,0.0072,0.0098,0.0187,0.0309,0.0473,0.0678,0.0752,0.1031,0.1371,317,Minden,ON
-79.65,43.58,PGV,0.0039,0.0058,0.0082,0.0172,0.0306,0.0509,0.0795,0.0908,0.1401,0.2126,318,Mississauga,ON
-79.58,43.55,PGV,0.0039,0.0059,0.0083,0.0177,0.0318,0.0538,0.0858,0.0988,0.1568,0.2448,319,Mississauga Port Credit,ON
-81.2,43.47,PGV,0.0031,0.0044,0.0059,0.0122,0.0207,0.0324,0.0467,0.0518,0.0722,0.0978,320,Mitchell,ON
-80.72,51.32,PGV,0.0016,0.0026,0.0036,0.0075,0.0139,0.0227,0.034,0.0383,0.0553,0.078,321,Moosonee,ON
-75.18,44.9,PGV,0.0115,0.0166,0.0222,0.0437,0.0771,0.1296,0.2052,0.2355,0.3662,0.5558,322,Morrisburg,ON
-80.73,43.98,PGV,0.0033,0.0047,0.0063,0.013,0.0219,0.034,0.0488,0.0541,0.0747,0.0997,323,Mount Forest,ON
-86.7,50.17,PGV,0.0007,0.0012,0.0017,0.0041,0.008,0.0142,0.0222,0.0253,0.0377,0.0545,324,Nakina,ON
-80.1,42.88,PGV,0.0034,0.005,0.007,0.0149,0.0259,0.0419,0.0629,0.0709,0.1038,0.1487,325,Nanticoke (Jarvis),ON
-80.2,42.78,PGV,0.0034,0.0049,0.0068,0.0144,0.025,0.0401,0.06,0.0674,0.0977,0.139,326,Nanticoke (Port Dover),ON
-76.95,44.25,PGV,0.0066,0.0096,0.0126,0.0231,0.0372,0.0568,0.0814,0.0903,0.1261,0.1734,327,Napanee,ON
-79.67,47.5,PGV,0.0048,0.0072,0.0101,0.02,0.0348,0.057,0.0871,0.0989,0.1467,0.2129,328,New Liskeard,ON
-78.58,43.92,PGV,0.0047,0.0069,0.0097,0.0191,0.0325,0.0519,0.0776,0.0873,0.128,0.1858,329,Newcastle,ON
-78.68,43.91,PGV,0.0046,0.0069,0.0096,0.0189,0.0324,0.0517,0.0777,0.0875,0.1285,0.1865,330,Bowmanville,ON
-79.47,44.05,PGV,0.004,0.0058,0.0081,0.0163,0.0275,0.0431,0.0625,0.0694,0.0967,0.1312,331,Newmarket,ON
-79.07,43.1,PGV,0.0042,0.0064,0.0092,0.0197,0.0365,0.0639,0.1049,0.1216,0.1947,0.3007,332,Niagara Falls,ON
-79.47,46.32,PGV,0.0055,0.0084,0.0116,0.0231,0.0404,0.0666,0.1026,0.1162,0.1726,0.2482,333,North Bay,ON
-77.98,44.38,PGV,0.0051,0.0075,0.0104,0.0197,0.0325,0.0499,0.0716,0.0793,0.1091,0.1461,334,Norwood,ON
-79.68,43.45,PGV,0.0038,0.0058,0.0082,0.0175,0.0318,0.0543,0.0879,0.1017,0.164,0.2595,335,Oakville,ON
-80.1,43.92,PGV,0.0036,0.0052,0.0071,0.0146,0.0247,0.0386,0.0557,0.0621,0.0861,0.1161,336,Orangeville,ON
-79.42,44.62,PGV,0.0041,0.006,0.0082,0.0162,0.0271,0.0418,0.0597,0.066,0.0901,0.1195,337,Orillia,ON
-78.85,43.9,PGV,0.0045,0.0067,0.0094,0.0187,0.0321,0.0515,0.0777,0.0876,0.1293,0.1885,338,Oshawa,ON
-75.69,45.42,PGV,0.0114,0.0161,0.0212,0.0399,0.0678,0.1106,0.172,0.1965,0.3041,0.4637,339,Ottawa (city hall),ON
-80.93,44.57,PGV,0.0032,0.0046,0.0062,0.0127,0.0213,0.033,0.0471,0.0521,0.0715,0.0951,340,Owen Sound,ON
-85.22,50.02,PGV,0.001,0.0016,0.0024,0.0053,0.0103,0.0171,0.0261,0.0294,0.0429,0.0605,341,Pagwa River,ON
-80.38,43.2,PGV,0.0034,0.0049,0.0068,0.0143,0.0248,0.0398,0.0593,0.0667,0.0968,0.1381,342,Paris,ON
-81.68,43.15,PGV,0.0028,0.0041,0.0055,0.0115,0.0196,0.0309,0.0448,0.0498,0.0701,0.0961,343,Parkhill,ON
-80.03,45.35,PGV,0.004,0.0057,0.0078,0.0156,0.0263,0.0409,0.0591,0.0656,0.091,0.1228,344,Parry Sound,ON
-79.28,43.03,PGV,0.0041,0.0062,0.0088,0.019,0.0351,0.0616,0.1014,0.1177,0.19,0.2959,345,Pelham (Fonthill),ON
-77.12,45.82,PGV,0.0092,0.0132,0.0174,0.0329,0.0563,0.0929,0.1459,0.1675,0.2633,0.4103,346,Pembroke,ON
-79.92,44.78,PGV,0.0038,0.0055,0.0075,0.0151,0.0253,0.0391,0.0558,0.062,0.0847,0.1126,347,Penetanguishene,ON
-76.25,44.9,PGV,0.0087,0.0124,0.0161,0.0294,0.0479,0.0742,0.1078,0.1203,0.1711,0.2382,348,Perth,ON
-77.33,45.9,PGV,0.009,0.0129,0.017,0.0324,0.0557,0.0921,0.1454,0.167,0.2626,0.4096,349,Petawawa,ON
-78.32,44.3,PGV,0.005,0.0072,0.01,0.019,0.0314,0.0483,0.0692,0.0768,0.1057,0.1418,350,Peterborough,ON
-82.15,42.87,PGV,0.0026,0.0039,0.0052,0.011,0.0189,0.0299,0.0438,0.0488,0.0693,0.0962,351,Petrolia,ON
-79.1,43.82,PGV,0.0044,0.0065,0.0091,0.0185,0.0323,0.0531,0.0825,0.0941,0.1451,0.2228,352,Pickering (Dunbarton),ON
-77.13,44,PGV,0.0054,0.0079,0.0109,0.0208,0.0346,0.0539,0.0788,0.0879,0.1255,0.1774,353,Picton,ON
-80.62,43.3,PGV,0.0033,0.0048,0.0065,0.0136,0.0232,0.0367,0.0539,0.0604,0.0858,0.1194,354,Plattsville,ON
-77.57,46.13,PGV,0.0089,0.0129,0.0171,0.0327,0.0566,0.0945,0.1497,0.172,0.2708,0.4207,355,Point Alexander,ON
-80.82,42.65,PGV,0.0032,0.0046,0.0064,0.0134,0.0232,0.0372,0.0554,0.0624,0.0905,0.1288,356,Port Burwell,ON
-79.23,42.9,PGV,0.004,0.0061,0.0086,0.0185,0.034,0.0593,0.0975,0.1133,0.183,0.2857,357,Port Colborne,ON
-81.4,44.43,PGV,0.003,0.0043,0.0057,0.0118,0.0198,0.0308,0.0439,0.0484,0.0665,0.0885,358,Port Elgin,ON
-78.3,43.95,PGV,0.0049,0.0072,0.01,0.0194,0.033,0.0523,0.078,0.0876,0.1281,0.1859,359,Port Hope,ON
-78.95,44.1,PGV,0.0045,0.0066,0.0091,0.0178,0.0298,0.0464,0.0673,0.075,0.1046,0.1423,360,Port Perry,ON
-81.22,42.67,PGV,0.003,0.0044,0.006,0.0127,0.0219,0.0352,0.0524,0.0589,0.0854,0.1217,361,Port Stanley,ON
-75.52,44.72,PGV,0.0101,0.0143,0.0188,0.0354,0.0597,0.0955,0.1437,0.1621,0.2389,0.3456,362,Prescott,ON
-80.53,43.17,PGV,0.0033,0.0048,0.0066,0.0139,0.0239,0.0379,0.056,0.0629,0.0903,0.1273,363,Princeton,ON
-89.93,48.83,PGV,0.0005,0.0009,0.0013,0.0036,0.0073,0.0138,0.0228,0.0264,0.0417,0.064,364,Raith,ON
-81.2,46.58,PGV,0.0033,0.0048,0.0065,0.0135,0.0229,0.036,0.0526,0.0588,0.0824,0.112,365,Rayside-Balfour (Chelmsford),ON
-93.82,51.05,PGV,0.0006,0.001,0.0014,0.0038,0.0076,0.0142,0.0232,0.0267,0.0421,0.0644,366,Red Lake,ON
-76.68,45.47,PGV,0.0093,0.0132,0.0174,0.0325,0.055,0.0896,0.1392,0.1592,0.248,0.3844,367,Renfrew,ON
-79.45,43.87,PGV,0.004,0.0059,0.0082,0.0168,0.029,0.0461,0.0683,0.0767,0.1097,0.1537,368,Richmond Hill,ON
-75.29,45.55,PGV,0.0125,0.0178,0.0235,0.0446,0.0763,0.1248,0.1935,0.2208,0.3372,0.5047,369,Rockland,ON
-82.38,42.97,PGV,0.0025,0.0038,0.0051,0.0106,0.0182,0.0286,0.0417,0.0464,0.0655,0.09,370,Sarnia,ON
-84.33,46.52,PGV,0.0016,0.0024,0.0034,0.0071,0.013,0.0209,0.0308,0.0343,0.0482,0.0658,371,Sault Ste. Marie,ON
-87.25,48.8,PGV,0.0007,0.0011,0.0016,0.0039,0.0075,0.0137,0.0216,0.0246,0.0369,0.0535,372,Schreiber,ON
-81.4,43.55,PGV,0.0029,0.0042,0.0056,0.0117,0.0199,0.0312,0.0449,0.0498,0.0691,0.0932,373,Seaforth,ON
-80.3,42.83,PGV,0.0033,0.0049,0.0068,0.0142,0.0247,0.0395,0.059,0.0663,0.0961,0.1365,374,Simcoe,ON
-91.98,50.07,PGV,0.0005,0.0009,0.0014,0.0038,0.0078,0.0147,0.0244,0.0282,0.0444,0.0677,375,Sioux Lookout,ON
-76.02,44.9,PGV,0.0093,0.0131,0.0171,0.0313,0.0513,0.0801,0.1176,0.1319,0.1897,0.2684,376,Smiths Falls,ON
-79.55,43.1,PGV,0.0038,0.0058,0.0082,0.0181,0.0334,0.0586,0.0966,0.1122,0.1816,0.2844,377,Smithville,ON
-81.63,49.28,PGV,0.0021,0.0035,0.0049,0.0116,0.022,0.0389,0.0644,0.0749,0.1228,0.197,378,Smooth Rock Falls,ON
-79.38,45.83,PGV,0.0051,0.0075,0.0104,0.0199,0.0336,0.053,0.0784,0.0876,0.1247,0.1728,379,South River,ON
-81.38,44.48,PGV,0.003,0.0043,0.0058,0.0118,0.0199,0.0309,0.0441,0.0486,0.0667,0.0889,380,Southampton,ON
-79.25,43.17,PGV,0.0042,0.0064,0.0091,0.0195,0.0361,0.0632,0.1041,0.1207,0.194,0.301,381,St. Catharines,ON
-81.13,43.25,PGV,0.0031,0.0044,0.006,0.0124,0.0212,0.0333,0.0484,0.0539,0.0759,0.104,382,St. Mary's,ON
-81.2,42.78,PGV,0.003,0.0043,0.0059,0.0125,0.0217,0.0346,0.0513,0.0576,0.0832,0.118,383,St. Thomas,ON
-77.55,44.3,PGV,0.0057,0.0083,0.0113,0.0211,0.0346,0.0532,0.0765,0.0848,0.1179,0.1609,384,Stirling,ON
-80.95,43.37,PGV,0.0032,0.0045,0.0061,0.0127,0.0217,0.034,0.0493,0.055,0.0771,0.1053,385,Stratford,ON
-81.63,42.95,PGV,0.0028,0.0041,0.0056,0.0117,0.02,0.0318,0.0467,0.0521,0.0742,0.1035,386,Strathroy,ON
-79.92,46.37,PGV,0.0048,0.0071,0.0099,0.0195,0.0334,0.0539,0.0811,0.0913,0.1327,0.1874,387,Sturgeon Falls,ON
-81,46.5,PGV,0.0035,0.005,0.0068,0.014,0.0239,0.0377,0.0553,0.0619,0.0871,0.1194,388,Sudbury,ON
-79.4,45.77,PGV,0.005,0.0073,0.0102,0.0195,0.0328,0.0516,0.0761,0.0848,0.1202,0.1658,389,Sundridge,ON
-80.83,43.32,PGV,0.0032,0.0046,0.0063,0.013,0.0222,0.0349,0.0509,0.0568,0.0801,0.1103,390,Tavistock,ON
-79.78,47.07,PGV,0.0051,0.0077,0.0109,0.0217,0.0381,0.0632,0.0973,0.1104,0.1642,0.237,391,Temagami,ON
-81,43.07,PGV,0.0031,0.0045,0.0061,0.0128,0.0219,0.0346,0.0508,0.0569,0.081,0.1133,392,Thamesford,ON
-81.85,43.15,PGV,0.0027,0.004,0.0054,0.0112,0.0192,0.0302,0.0438,0.0487,0.0683,0.0934,393,Thedford,ON
-89.32,48.4,PGV,0.0005,0.0009,0.0013,0.0035,0.0069,0.0131,0.0213,0.0245,0.0381,0.0573,394,Thunder Bay,ON
-80.73,42.85,PGV,0.0032,0.0046,0.0064,0.0134,0.023,0.0367,0.0545,0.0613,0.0881,0.1246,395,Tillsonburg,ON
-81.33,48.47,PGV,0.0028,0.0042,0.0058,0.0124,0.0217,0.035,0.0526,0.0594,0.0867,0.1239,396,Timmins,ON
-81.17,48.5,PGV,0.0029,0.0043,0.006,0.0129,0.0228,0.0372,0.0566,0.0642,0.0957,0.1404,397,Timmins (Porcupine),ON
-79.57,43.7,PGV,0.0039,0.0058,0.0082,0.0171,0.0299,0.0487,0.0743,0.084,0.125,0.1828,398,Etobicoke,ON
-79.42,43.77,PGV,0.004,0.006,0.0084,0.0174,0.0305,0.0495,0.0754,0.0853,0.1268,0.1856,399,North York,ON
-79.25,43.78,PGV,0.0043,0.0064,0.009,0.0183,0.032,0.0526,0.0816,0.093,0.1431,0.2181,400,Scarborough,ON
-77.58,44.1,PGV,0.0052,0.0077,0.0106,0.0204,0.0342,0.0536,0.079,0.0884,0.1275,0.1828,402,Trenton,ON
-79.37,45.98,PGV,0.0053,0.0078,0.0108,0.0209,0.0355,0.0567,0.0847,0.0952,0.1374,0.1927,403,Trout Creek,ON
-79.12,44.1,PGV,0.0044,0.0064,0.0088,0.0174,0.0291,0.0454,0.0657,0.0731,0.102,0.1384,404,Uxbridge,ON
-79.6,43.78,PGV,0.0039,0.0058,0.0081,0.0166,0.0287,0.046,0.0685,0.077,0.1109,0.1564,405,Vaughan (Woodbridge),ON
-80.32,42.77,PGV,0.0033,0.0048,0.0067,0.0141,0.0244,0.0391,0.0584,0.0657,0.095,0.1349,406,Vittoria,ON
-81.15,44.12,PGV,0.0031,0.0044,0.0059,0.0122,0.0205,0.0318,0.0455,0.0503,0.0692,0.0921,407,Walkerton,ON
-82.38,42.6,PGV,0.0021,0.0033,0.0046,0.0102,0.0181,0.0294,0.044,0.0493,0.0717,0.1022,408,Wallaceburg,ON
-80.52,43.47,PGV,0.0033,0.0048,0.0066,0.0138,0.0235,0.037,0.0541,0.0605,0.0853,0.1174,409,Waterloo,ON
-81.88,42.95,PGV,0.0027,0.004,0.0054,0.0113,0.0194,0.0307,0.0449,0.0501,0.071,0.0985,410,Watford,ON
-84.78,47.98,PGV,0.0013,0.002,0.003,0.0062,0.0117,0.0192,0.0288,0.0323,0.0462,0.064,411,Wawa,ON
-79.25,42.98,PGV,0.0041,0.0062,0.0088,0.0189,0.0348,0.0611,0.1006,0.1168,0.1883,0.2933,412,Welland,ON
-81.6,42.6,PGV,0.0029,0.0042,0.0058,0.0122,0.0211,0.0338,0.0504,0.0567,0.0824,0.1177,413,West Lorne,ON
-78.93,43.87,PGV,0.0045,0.0067,0.0093,0.0187,0.0323,0.0523,0.0797,0.0902,0.1353,0.201,414,Whitby,ON
-78.95,43.95,PGV,0.0045,0.0066,0.0092,0.0183,0.0313,0.0496,0.0739,0.0829,0.1201,0.1711,415,Whitby (Brooklin),ON
-85.28,48.6,PGV,0.0011,0.0017,0.0025,0.0055,0.0106,0.0177,0.0268,0.0302,0.0437,0.0612,416,White River,ON
-81.15,44.75,PGV,0.0031,0.0045,0.006,0.0123,0.0207,0.0321,0.0458,0.0507,0.0696,0.0929,417,Wiarton,ON
-83.02,42.3,PGV,0.0018,0.003,0.0042,0.0094,0.0171,0.0281,0.0426,0.0479,0.0702,0.1012,418,Windsor,ON
-81.32,43.88,PGV,0.003,0.0043,0.0058,0.0119,0.0201,0.0313,0.0448,0.0495,0.0682,0.0912,419,Wingham,ON
-80.75,43.13,PGV,0.0032,0.0047,0.0064,0.0133,0.0228,0.036,0.053,0.0595,0.0848,0.1189,420,Woodstock,ON
-82.12,42.95,PGV,0.0026,0.0039,0.0052,0.011,0.0188,0.0297,0.0434,0.0483,0.0682,0.0942,421,Wyoming,ON
-72.57,45.65,PGV,0.0115,0.0158,0.0202,0.0356,0.0565,0.0857,0.1234,0.1377,0.1949,0.2723,422,Acton-Vale,QC
-71.65,48.55,PGV,0.0145,0.0211,0.0285,0.0574,0.104,0.1804,0.2939,0.3395,0.537,0.8173,423,Alma,QC
-78.12,48.57,PGV,0.005,0.0071,0.0096,0.0176,0.0282,0.0425,0.0597,0.0659,0.0893,0.1178,424,Amos,QC
-71.93,45.77,PGV,0.0112,0.0153,0.0196,0.0339,0.0527,0.0782,0.1091,0.1203,0.1642,0.2196,425,Asbestos,QC
-75.83,45.4,PGV,0.011,0.0155,0.0204,0.0382,0.0647,0.1054,0.1636,0.187,0.2896,0.4439,426,Aylmer,QC
-68.15,49.22,PGV,0.0108,0.0153,0.02,0.0374,0.063,0.1024,0.159,0.1819,0.2828,0.4347,427,Baie-Comeau,QC
-71.18,46.87,PGV,0.0162,0.0226,0.0295,0.0537,0.0882,0.1387,0.207,0.2338,0.3473,0.5107,428,Beauport,QC
-72.98,45.12,PGV,0.0116,0.0161,0.021,0.0382,0.0631,0.1,0.1508,0.1708,0.2559,0.3797,429,Bedford,QC
-73.2,45.57,PGV,0.0125,0.0177,0.0231,0.0435,0.0745,0.1235,0.1955,0.2248,0.3518,0.5383,430,Beloeil,QC
-72.57,45.2,PGV,0.0109,0.0151,0.0194,0.0342,0.0543,0.0822,0.1172,0.1302,0.1819,0.2486,431,Brome,QC
-73.47,45.45,PGV,0.013,0.0185,0.0244,0.0468,0.0815,0.1372,0.2186,0.2514,0.3926,0.5974,432,Brossard,QC
-75.42,45.58,PGV,0.0123,0.0175,0.023,0.0434,0.074,0.1209,0.1874,0.2136,0.3265,0.4899,433,Buckingham,QC
-76.6,45.73,PGV,0.0101,0.0142,0.0186,0.0348,0.0591,0.0966,0.1507,0.1726,0.2703,0.4195,434,Campbell's Bay,QC
-73.28,45.45,PGV,0.0126,0.0179,0.0235,0.0446,0.077,0.1288,0.2049,0.2358,0.3692,0.5649,435,Chambly,QC
-71.07,48.43,PGV,0.0168,0.0244,0.0326,0.0646,0.1142,0.1932,0.3072,0.3524,0.5471,0.8226,436,Saguenay,QC
-70.88,48.35,PGV,0.018,0.026,0.0347,0.0683,0.1198,0.2004,0.3162,0.3616,0.5577,0.8337,437,Saguenay (Bagotville),QC
-71.25,48.42,PGV,0.0164,0.0238,0.032,0.0636,0.1133,0.1928,0.3086,0.3542,0.5519,0.8303,438,Saguenay (Kénogami),QC
-71.8,45.13,PGV,0.0104,0.0142,0.0183,0.0319,0.0497,0.0737,0.1028,0.113,0.1536,0.2051,439,Coaticook,QC
-73.23,45.85,PGV,0.0124,0.0175,0.0228,0.0424,0.0713,0.1162,0.181,0.2071,0.3218,0.4916,440,Contrecoeur,QC
-72.75,45.2,PGV,0.0112,0.0155,0.02,0.0357,0.0574,0.0879,0.1278,0.1428,0.2037,0.286,441,Cowansville,QC
-73.88,45.53,PGV,0.0135,0.0192,0.0253,0.0486,0.0847,0.1419,0.2246,0.2576,0.3993,0.6041,442,Deux-Montagnes,QC
-72.23,48.88,PGV,0.011,0.0157,0.0207,0.0397,0.0687,0.1148,0.1828,0.2102,0.3308,0.5085,443,Dolbeau,QC
-72.48,45.88,PGV,0.0117,0.016,0.0206,0.0363,0.0578,0.0883,0.1285,0.1438,0.2081,0.3003,444,Drummondville,QC
-72.98,45.28,PGV,0.0118,0.0164,0.0213,0.0389,0.0643,0.1019,0.154,0.1745,0.262,0.3895,445,Farnham,QC
-76.73,45.85,PGV,0.01,0.0142,0.0186,0.0349,0.0593,0.0971,0.1519,0.1741,0.2724,0.4232,446,Fort-Coulonge,QC
-68.17,51.93,PGV,0.0037,0.0051,0.0068,0.0133,0.0215,0.0324,0.0455,0.05,0.0678,0.0891,447,Gagnon,QC
-64.48,48.83,PGV,0.0057,0.0083,0.0111,0.02,0.032,0.0483,0.0687,0.0762,0.1053,0.1423,448,Gaspé,QC
-75.65,45.5,PGV,0.0116,0.0165,0.0216,0.0406,0.0688,0.1119,0.1731,0.1974,0.3041,0.4614,449,Gatineau,QC
-76.05,46.1,PGV,0.0117,0.0165,0.0216,0.0404,0.0677,0.1084,0.1635,0.1849,0.2734,0.3956,450,Gracefield,QC
-72.73,45.4,PGV,0.0114,0.0158,0.0203,0.036,0.0578,0.0885,0.1285,0.1437,0.2052,0.2885,451,Granby,QC
-59.48,50.5,PGV,0.0016,0.0027,0.0039,0.0091,0.0169,0.0274,0.0405,0.0453,0.0647,0.091,452,Harrington-Harbour,QC
-63.6,50.23,PGV,0.0045,0.0065,0.009,0.018,0.0314,0.0524,0.0838,0.0969,0.1567,0.252,453,Havre-St-Pierre,QC
-73.58,45.05,PGV,0.0126,0.018,0.0238,0.0454,0.0788,0.1315,0.2081,0.2391,0.3718,0.5648,454,Hemmingford,QC
-75.73,45.43,PGV,0.0113,0.016,0.021,0.0395,0.067,0.1092,0.1696,0.1938,0.2998,0.4575,455,Hull,QC
-73.23,45.35,PGV,0.0125,0.0176,0.0231,0.0435,0.0746,0.1239,0.196,0.2252,0.3521,0.5383,456,Iberville,QC
-78.1,58.48,PGV,0.0011,0.0017,0.0025,0.0053,0.01,0.0166,0.0255,0.0289,0.0428,0.0614,457,Inukjuak,QC
-73.45,46.02,PGV,0.0124,0.0173,0.0225,0.0416,0.0699,0.1133,0.1756,0.2006,0.3106,0.4734,458,Joliette,QC
-71.22,48.42,PGV,0.0165,0.0239,0.0321,0.0639,0.1135,0.193,0.3086,0.3542,0.5513,0.83,459,Saguenay (Jonquière),QC
-68.4,58.1,PGV,0.0032,0.0044,0.0058,0.0115,0.0188,0.0283,0.0397,0.0438,0.0594,0.0787,460,Kuujjuaq,QC
-77.75,55.28,PGV,0.0008,0.0012,0.0018,0.0041,0.0078,0.0137,0.0213,0.0243,0.0363,0.0529,461,Kuujjuarapik,QC
-70.15,47.65,PGV,0.0427,0.0637,0.0864,0.1716,0.2961,0.4779,0.7191,0.8084,1.1636,1.6178,462,La-Malbaie,QC
-72.78,47.43,PGV,0.0113,0.0155,0.0199,0.0348,0.0543,0.0801,0.1107,0.1214,0.1623,0.2108,463,La-Tuque,QC
-70.88,45.58,PGV,0.0108,0.0148,0.019,0.0329,0.0507,0.0746,0.1035,0.1139,0.1552,0.2091,464,Lac-Mégantic,QC
-74.33,45.65,PGV,0.0135,0.0191,0.0251,0.0473,0.0804,0.1309,0.2006,0.2278,0.3424,0.5034,465,Lachute,QC
-71.85,45.37,PGV,0.0106,0.0146,0.0187,0.0324,0.0502,0.0741,0.1028,0.1128,0.1521,0.2004,466,Lennoxville,QC
-73.8,45.35,PGV,0.0134,0.0191,0.0253,0.0488,0.0854,0.1437,0.2279,0.2614,0.4051,0.6116,467,Léry,QC
-71.35,46.85,PGV,0.0155,0.0216,0.0282,0.0514,0.0847,0.1336,0.201,0.2275,0.3413,0.5077,468,Loretteville,QC
-72.95,46.25,PGV,0.0119,0.0166,0.0214,0.0386,0.0631,0.0993,0.1502,0.1704,0.2601,0.3977,469,Louiseville,QC
-72.13,45.27,PGV,0.0106,0.0146,0.0187,0.0326,0.0508,0.0756,0.1054,0.1159,0.1574,0.2087,470,Magog,QC
-78.13,48.13,PGV,0.0056,0.008,0.0108,0.0196,0.0318,0.0484,0.0692,0.0768,0.1057,0.1411,471,Malartic,QC
-75.97,46.38,PGV,0.0119,0.0169,0.0221,0.0411,0.0686,0.1087,0.1626,0.1833,0.2683,0.3845,472,Maniwaki,QC
-75.417,45.533,PGV,0.0123,0.0174,0.0229,0.0434,0.0743,0.1218,0.1895,0.2165,0.3332,0.5032,473,Masson,QC
-67.53,48.85,PGV,0.0112,0.0158,0.0207,0.0387,0.0654,0.1066,0.1663,0.1903,0.2951,0.4503,474,Matane,QC
-68.18,48.58,PGV,0.0122,0.0172,0.0224,0.0412,0.0683,0.109,0.167,0.1902,0.2923,0.4462,475,Mont-Joli,QC
-75.5,46.55,PGV,0.0119,0.0169,0.022,0.0406,0.0671,0.1057,0.1569,0.1767,0.2584,0.3715,476,Mont-Laurier,QC
-70.55,46.98,PGV,0.0203,0.0285,0.0371,0.068,0.1114,0.1739,0.2555,0.2866,0.4131,0.5836,477,Montmagny,QC
-73.87,45.43,PGV,0.0135,0.0192,0.0254,0.0489,0.0855,0.1435,0.2273,0.2606,0.4039,0.61,478,Beaconsfield,QC
-73.75,45.45,PGV,0.0134,0.019,0.0252,0.0485,0.0848,0.1424,0.2258,0.2592,0.4027,0.6091,479,Dorval,QC
-73.75,45.58,PGV,0.0134,0.019,0.0251,0.0481,0.0838,0.1406,0.2228,0.2559,0.3981,0.6033,480,Laval,QC
-73.52,45.63,PGV,0.0131,0.0186,0.0245,0.0468,0.0815,0.1367,0.2174,0.25,0.3905,0.5941,482,Montréal-Est,QC
-73.63,45.6,PGV,0.0133,0.0188,0.0249,0.0476,0.0828,0.1391,0.221,0.254,0.3961,0.6016,483,Montréal-Nord,QC
-73.62,45.52,PGV,0.0133,0.0188,0.0249,0.0478,0.0834,0.1404,0.2233,0.2567,0.4001,0.6066,484,Outremont,QC
-73.87,45.48,PGV,0.0135,0.0192,0.0254,0.0488,0.0852,0.1428,0.2259,0.2592,0.4022,0.6075,485,Pierrefonds,QC
-73.5,45.5,PGV,0.0131,0.0185,0.0245,0.047,0.082,0.1378,0.2196,0.2526,0.3944,0.5991,486,St-Lambert,QC
-73.67,45.5,PGV,0.0133,0.0189,0.025,0.048,0.0839,0.1411,0.2241,0.2574,0.4008,0.6066,487,St-Laurent,QC
-73.93,45.42,PGV,0.0135,0.0192,0.0255,0.0491,0.0857,0.1439,0.2276,0.261,0.4045,0.61,488,Ste-Anne-de-Bellevue,QC
-73.57,45.45,PGV,0.0132,0.0187,0.0248,0.0476,0.0832,0.1402,0.223,0.2564,0.4001,0.6066,489,Verdun,QC
-72.28,46.4,PGV,0.0123,0.0171,0.022,0.0395,0.0642,0.1003,0.1507,0.1709,0.2607,0.4003,490,Nicolet (Gentilly),QC
-70.91,53.21,PGV,0.0024,0.0036,0.0047,0.0095,0.0158,0.0242,0.0341,0.0377,0.0514,0.0687,491,Nitchequon,QC
-79.02,48.25,PGV,0.0044,0.0064,0.0088,0.0171,0.0285,0.0445,0.0648,0.0722,0.1015,0.1384,492,Noranda,QC
-64.22,48.53,PGV,0.0055,0.008,0.0107,0.0193,0.0308,0.046,0.0648,0.0716,0.0979,0.131,493,Percé,QC
-73.98,45.38,PGV,0.0135,0.0192,0.0255,0.0492,0.086,0.1444,0.2283,0.2618,0.4052,0.6108,494,Pincourt,QC
-71.78,46.22,PGV,0.0122,0.0168,0.0214,0.0374,0.0588,0.0881,0.1255,0.1396,0.1968,0.2759,495,Plessisville,QC
-66.87,50.02,PGV,0.0075,0.0112,0.0149,0.0284,0.0482,0.0786,0.1207,0.1373,0.207,0.3058,496,Port-Cartier,QC
-77.283,60.033,PGV,0.0013,0.0021,0.0032,0.0069,0.0134,0.0232,0.037,0.0426,0.0659,0.0991,497,Puvinrituq,QC
-71.38,46.78,PGV,0.015,0.0209,0.0272,0.0496,0.0817,0.1286,0.1937,0.2194,0.33,0.4927,498,Ancienne-Lorette,QC
-71.18,46.8,PGV,0.0157,0.0219,0.0285,0.0518,0.085,0.1337,0.1998,0.2257,0.3362,0.4965,499,Lévis,QC
-71.23,46.8,PGV,0.0155,0.0217,0.0282,0.0514,0.0844,0.1328,0.1989,0.2249,0.336,0.4974,500,Québec,QC
-71.25,46.77,PGV,0.0153,0.0213,0.0277,0.0505,0.0828,0.1304,0.1955,0.2211,0.3306,0.4908,501,Sillery,QC
-71.28,46.78,PGV,0.0153,0.0213,0.0278,0.0505,0.083,0.1306,0.1959,0.2216,0.3318,0.4924,502,Ste-Foy,QC
-72.15,45.67,PGV,0.0111,0.0152,0.0195,0.0339,0.0529,0.0788,0.1106,0.1221,0.1678,0.2257,503,Richmond,QC
-68.55,48.43,PGV,0.0131,0.0183,0.0239,0.0436,0.0714,0.1123,0.169,0.1914,0.2886,0.434,504,Rimouski,QC
-69.53,47.83,PGV,0.0262,0.0384,0.0519,0.1031,0.1803,0.2972,0.456,0.5163,0.7682,1.0991,505,Rivière-du-Loup,QC
-72.23,48.52,PGV,0.0125,0.0181,0.0242,0.0481,0.0866,0.1506,0.2478,0.2875,0.461,0.7137,506,Roberval,QC
-72.1,45.04,PGV,0.0104,0.0143,0.0184,0.0322,0.0503,0.075,0.105,0.1156,0.1576,0.2104,507,Rock-Island,QC
-73.8,45.63,PGV,0.0134,0.019,0.0251,0.048,0.0835,0.1398,0.2215,0.2543,0.3957,0.5992,508,Rosemère,QC
-79.02,48.23,PGV,0.0044,0.0064,0.0088,0.0172,0.0287,0.0449,0.0655,0.0731,0.1028,0.1403,509,Rouyn,QC
-74.13,45.25,PGV,0.0134,0.0191,0.0254,0.0492,0.0864,0.1448,0.2287,0.2621,0.4052,0.6108,510,Salaberry-de-Valleyfield,QC
-66.83,54.8,PGV,0.0012,0.0018,0.0027,0.006,0.0119,0.0197,0.0292,0.0325,0.0457,0.0623,511,Schefferville,QC
-77.23,48.38,PGV,0.0057,0.0082,0.0108,0.0194,0.0309,0.0459,0.064,0.0704,0.0945,0.1234,512,Senneterre,QC
-66.38,50.2,PGV,0.0067,0.0102,0.0135,0.0258,0.044,0.0719,0.111,0.1264,0.1918,0.2833,513,Sept-Îles,QC
-72.75,46.55,PGV,0.0119,0.0164,0.0211,0.0376,0.0604,0.0929,0.1367,0.1538,0.2273,0.3371,514,Shawinigan,QC
-76.48,45.6,PGV,0.0101,0.0142,0.0186,0.0348,0.0591,0.0966,0.1507,0.1726,0.2703,0.4195,515,Shawville,QC
-71.9,45.42,PGV,0.0107,0.0147,0.0188,0.0325,0.0505,0.0745,0.1034,0.1135,0.153,0.2016,516,Sherbrooke,QC
-73.12,46.03,PGV,0.0122,0.017,0.022,0.0401,0.0663,0.1058,0.1619,0.1844,0.2834,0.4329,517,Sorel,QC
-72.45,48.65,PGV,0.0112,0.016,0.0212,0.0406,0.0701,0.1166,0.1846,0.2119,0.3317,0.5061,518,St-Félicien,QC
-69.5,47.92,PGV,0.0238,0.0342,0.0454,0.0865,0.1459,0.2332,0.3504,0.3956,0.5817,0.835,519,St-Georges-de-Cacouna,QC
-73.42,45.5,PGV,0.0129,0.0183,0.0242,0.0463,0.0805,0.1354,0.2156,0.2481,0.3881,0.5908,520,St-Hubert,QC
-69.15,47.817,PGV,0.0182,0.0254,0.0329,0.0596,0.0964,0.1478,0.2133,0.238,0.3359,0.4656,521,St-Hubert-de-Rivière-du-Loup,QC
-72.95,45.62,PGV,0.012,0.0167,0.0217,0.0393,0.0646,0.1021,0.1539,0.1743,0.2618,0.3895,522,St-Hyacinthe,QC
-73.26,45.31,PGV,0.0125,0.0176,0.0231,0.0437,0.0751,0.1246,0.1972,0.2265,0.3541,0.5413,523,Saint-Jean-sur-Richelieu,QC
-74,45.78,PGV,0.0133,0.0188,0.0247,0.0466,0.0798,0.1311,0.2041,0.2333,0.3569,0.5345,524,St-Jérôme,QC
-74.6,46.12,PGV,0.0129,0.018,0.0235,0.0432,0.0713,0.1121,0.1662,0.1869,0.2716,0.3866,525,St-Jovite,QC
-71.4,46.7,PGV,0.0145,0.0202,0.0263,0.0478,0.0784,0.1234,0.186,0.2107,0.318,0.4764,526,St-Nicolas,QC
-74.28,46.05,PGV,0.0128,0.018,0.0234,0.0431,0.0716,0.1131,0.1689,0.1901,0.278,0.3975,527,Ste-Agathe-des-Monts,QC
-72.62,45.1,PGV,0.0109,0.015,0.0194,0.0343,0.0546,0.083,0.1187,0.1321,0.1852,0.2546,528,Sutton,QC
-69.72,48.15,PGV,0.0214,0.0306,0.0402,0.0755,0.1259,0.1992,0.2975,0.3347,0.489,0.7004,529,Tadoussac,QC
-79.1,46.72,PGV,0.007,0.0114,0.0167,0.0409,0.0857,0.164,0.2816,0.3287,0.5306,0.8161,530,Témiscaming,QC
-71.3,46.08,PGV,0.0119,0.0163,0.0208,0.0358,0.0555,0.0816,0.1132,0.1246,0.1688,0.2237,531,Thetford Mines,QC
-75.25,45.6,PGV,0.0127,0.018,0.0237,0.0447,0.0759,0.1231,0.189,0.2147,0.3239,0.4785,532,Thurso,QC
-72.55,46.35,PGV,0.0121,0.0168,0.0217,0.0389,0.0634,0.0994,0.1501,0.1704,0.261,0.4024,533,Trois-Rivières,QC
-77.78,48.1,PGV,0.0059,0.0084,0.0112,0.0202,0.0326,0.0494,0.0703,0.0779,0.1065,0.1416,534,Val-d'Or,QC
-73.43,45.68,PGV,0.0129,0.0183,0.0241,0.0458,0.0793,0.1327,0.2112,0.243,0.3807,0.581,535,Varennes,QC
-73.35,45.78,PGV,0.0127,0.0179,0.0235,0.0442,0.0759,0.1259,0.1997,0.2295,0.3597,0.5509,536,Verchères,QC
-71.97,46.05,PGV,0.0118,0.0161,0.0206,0.0359,0.0563,0.0842,0.1195,0.1328,0.1861,0.2586,537,Victoriaville,QC
-79.43,47.33,PGV,0.0054,0.0081,0.0114,0.0228,0.0403,0.0672,0.1045,0.1188,0.1791,0.2618,538,Ville-Marie,QC
-72.52,45.35,PGV,0.011,0.0152,0.0195,0.0343,0.0543,0.0819,0.1165,0.1293,0.1802,0.2456,539,Waterloo,QC
-72,45.57,PGV,0.0109,0.015,0.0191,0.0332,0.0516,0.0765,0.1064,0.1171,0.159,0.211,540,Windsor,QC
-64.95,45.6,PGV,0.006,0.0087,0.0117,0.0214,0.0342,0.0514,0.0729,0.0808,0.1129,0.1576,541,Alma,NB
-65.65,47.6,PGV,0.0086,0.0123,0.016,0.0285,0.0451,0.0678,0.0964,0.107,0.1503,0.21,542,Bathurst,NB
-66.67,48,PGV,0.0102,0.014,0.018,0.0315,0.0493,0.0734,0.1033,0.114,0.1577,0.216,543,Campbellton,NB
-65.47,47.03,PGV,0.0083,0.012,0.0156,0.0278,0.0441,0.0661,0.0938,0.1042,0.1462,0.2044,544,Miramichi,NB
-68.33,47.37,PGV,0.013,0.0179,0.0228,0.0394,0.0611,0.089,0.1225,0.1348,0.1803,0.2357,545,Edmundston,NB
-66.65,45.95,PGV,0.0091,0.0129,0.0167,0.0296,0.0464,0.0691,0.097,0.1072,0.148,0.2027,546,Fredericton,NB
-66.16,45.79,PGV,0.0081,0.0116,0.0151,0.0271,0.0431,0.0642,0.0905,0.1002,0.1389,0.1914,547,Gagetown,NB
-67.73,47.05,PGV,0.0123,0.017,0.0217,0.0376,0.0585,0.0859,0.1194,0.1317,0.1796,0.2414,548,Grand Falls,NB
-64.78,46.1,PGV,0.0062,0.0091,0.0121,0.0221,0.0352,0.053,0.0757,0.0842,0.1193,0.1701,549,Moncton,NB
-66.48,45.84,PGV,0.0087,0.0124,0.0161,0.0287,0.0454,0.0678,0.0956,0.1059,0.147,0.2027,550,Oromocto,NB
-64.37,45.88,PGV,0.0063,0.0091,0.012,0.0214,0.0337,0.0502,0.0712,0.0791,0.1119,0.1602,551,Sackville,NB
-66.05,45.267,PGV,0.0072,0.0107,0.014,0.0256,0.0415,0.0631,0.0899,0.0999,0.139,0.1893,552,Saint John,NB
-64.7,47.73,PGV,0.0064,0.0093,0.0123,0.0221,0.035,0.0522,0.0736,0.0813,0.112,0.1529,553,Shippagan,NB
-67.28,45.2,PGV,0.0096,0.0143,0.0196,0.0412,0.08,0.1503,0.2584,0.302,0.4808,0.7249,554,St. Stephen,NB
-67.6,46.16,PGV,0.0105,0.0144,0.0185,0.0323,0.0498,0.0731,0.1013,0.1113,0.1513,0.2037,555,Woodstock,NB
-64.2,45.83,PGV,0.0062,0.0088,0.0117,0.0207,0.0327,0.0484,0.0682,0.0755,0.1048,0.1455,556,Amherst,NS
-62,45.62,PGV,0.0041,0.006,0.0082,0.0162,0.0266,0.0409,0.0589,0.0655,0.0922,0.1281,557,Antigonish,NS
-64.52,44.38,PGV,0.0054,0.0077,0.0104,0.0188,0.0302,0.0457,0.0654,0.0727,0.1019,0.1409,558,Bridgewater,NS
-61,45.33,PGV,0.0043,0.0063,0.0087,0.0172,0.0286,0.0446,0.0651,0.0728,0.1036,0.1447,559,Canso,NS
-63.47,45.43,PGV,0.0053,0.0076,0.0103,0.0185,0.0294,0.0441,0.0622,0.0689,0.096,0.1331,560,Debert,NS
-65.77,44.62,PGV,0.006,0.0089,0.0119,0.022,0.0358,0.0548,0.0788,0.0874,0.1218,0.1665,561,Digby,NS
-64.9,44.98,PGV,0.0054,0.0078,0.0106,0.0196,0.0318,0.048,0.0683,0.0758,0.1053,0.1445,562,Greenwood (CFB),NS
-63.57,44.67,PGV,0.0049,0.007,0.0095,0.0176,0.0284,0.0434,0.0625,0.0696,0.0986,0.1378,563,Dartmouth,NS
-63.6,44.65,PGV,0.0049,0.007,0.0095,0.0176,0.0284,0.0434,0.0626,0.0697,0.0988,0.1379,564,Halifax,NS
-64.5,45.08,PGV,0.0059,0.0084,0.0112,0.02,0.0318,0.0474,0.0668,0.074,0.1025,0.1409,565,Kentville,NS
-64.72,44.03,PGV,0.0044,0.0064,0.0088,0.017,0.0282,0.0441,0.0645,0.0722,0.1031,0.1441,566,Liverpool,NS
-65.12,43.7,PGV,0.0041,0.006,0.0082,0.0163,0.0276,0.0437,0.0648,0.0727,0.1049,0.1477,567,Lockeport,NS
-59.98,45.92,PGV,0.0046,0.0069,0.0096,0.0187,0.0311,0.0478,0.0689,0.0767,0.1069,0.1462,568,Louisburg,NS
-64.32,44.38,PGV,0.0053,0.0075,0.0102,0.0185,0.0298,0.0451,0.0647,0.072,0.1014,0.1406,569,Lunenburg,NS
-62.65,45.58,PGV,0.0048,0.0069,0.0093,0.0173,0.0277,0.0418,0.0594,0.0659,0.0919,0.127,570,New Glasgow,NS
-60.25,46.22,PGV,0.0044,0.0064,0.0089,0.0175,0.0288,0.0442,0.0633,0.0703,0.0977,0.1333,571,North Sydney,NS
-62.72,45.68,PGV,0.0048,0.0069,0.0093,0.0173,0.0277,0.0417,0.0591,0.0655,0.0911,0.1256,572,Pictou,NS
-61.35,45.62,PGV,0.0042,0.0061,0.0084,0.0165,0.0273,0.0423,0.0612,0.068,0.096,0.1332,573,Port Hawkesbury,NS
-64.05,45.65,PGV,0.0059,0.0085,0.0113,0.02,0.0316,0.0467,0.0655,0.0724,0.1,0.1375,574,Springhill,NS
-63.35,45.13,PGV,0.0052,0.0074,0.01,0.0181,0.029,0.0437,0.0623,0.0691,0.097,0.1351,575,Stewiacke,NS
-60.18,46.15,PGV,0.0044,0.0065,0.0091,0.0178,0.0293,0.045,0.0646,0.0717,0.0998,0.1362,576,Sydney,NS
-63.3,45.72,PGV,0.0053,0.0076,0.0103,0.0185,0.0292,0.0435,0.0612,0.0676,0.0933,0.1278,577,Tatamagouche,NS
-63.27,45.37,PGV,0.0052,0.0075,0.0101,0.0183,0.0291,0.0436,0.0618,0.0685,0.0957,0.1329,578,Truro,NS
-64.37,45.08,PGV,0.0058,0.0083,0.011,0.0198,0.0314,0.0469,0.0661,0.0732,0.1016,0.14,579,Wolfville,NS
-66.12,43.83,PGV,0.0052,0.0075,0.0103,0.0193,0.0317,0.0487,0.0704,0.0784,0.1097,0.1505,580,Yarmouth,NS
-63.133,46.233,PGV,0.0054,0.0077,0.0104,0.0185,0.0292,0.0432,0.0603,0.0665,0.0911,0.1237,581,Charlottetown,PE
-62.25,46.35,PGV,0.0048,0.0068,0.0092,0.017,0.0271,0.0405,0.0568,0.0629,0.0865,0.1177,582,Souris,PE
-63.783,46.4,PGV,0.0059,0.0085,0.0113,0.0203,0.032,0.0478,0.068,0.0756,0.1075,0.155,583,Summerside,PE
-64.03,46.95,PGV,0.0062,0.0089,0.0118,0.0209,0.033,0.049,0.0693,0.0768,0.1082,0.1537,584,Tignish,PE
-53.98,47.3,PGV,0.0035,0.0054,0.0078,0.0167,0.0284,0.0439,0.0625,0.0691,0.0946,0.1266,585,Argentia,NL
-53.12,48.65,PGV,0.0025,0.0039,0.0055,0.0126,0.0224,0.0356,0.0518,0.0578,0.0809,0.1105,586,Bonavista,NL
-56.867,48.817,PGV,0.003,0.0045,0.0063,0.0135,0.0227,0.0348,0.0495,0.0549,0.0758,0.1028,587,Buchans,NL
-57.95,54.78,PGV,0.0041,0.0059,0.0082,0.0164,0.0279,0.0441,0.0645,0.072,0.101,0.1369,588,Cape Harrison,NL
-53.07,46.65,PGV,0.0036,0.0056,0.0081,0.0175,0.03,0.0466,0.0669,0.0743,0.1026,0.1381,589,Cape Race,NL
-59.15,47.57,PGV,0.0038,0.0056,0.0078,0.0156,0.0258,0.0392,0.0556,0.0617,0.0845,0.1138,590,Channel-Port aux Basques,NL
-57.95,48.95,PGV,0.003,0.0044,0.0061,0.013,0.0219,0.0336,0.0479,0.053,0.0735,0.1003,591,Corner Brook,NL
-54.59,48.98,PGV,0.0026,0.004,0.0056,0.0127,0.022,0.0345,0.0497,0.0552,0.0768,0.1043,592,Gander,NL
-55.77,47.1,PGV,0.0043,0.0067,0.0097,0.0196,0.0326,0.0497,0.0706,0.078,0.1063,0.1415,593,Grand Bank,NL
-55.67,48.93,PGV,0.0027,0.0042,0.0058,0.013,0.0222,0.0345,0.0493,0.0546,0.0757,0.1029,594,Grand Falls,NL
-60.37,53.32,PGV,0.0012,0.002,0.0031,0.0073,0.0145,0.0243,0.0359,0.0402,0.0564,0.0768,595,Happy Valley-Goose Bay,NL
-66.92,52.95,PGV,0.0028,0.004,0.0054,0.0109,0.0179,0.0271,0.0381,0.0421,0.0569,0.0754,596,Labrador City,NL
-55.58,51.37,PGV,0.0012,0.002,0.003,0.0073,0.0156,0.0272,0.0418,0.047,0.0685,0.0971,597,St. Anthony,NL
-52.72,47.57,PGV,0.0029,0.0045,0.0064,0.0144,0.0252,0.0397,0.0573,0.0637,0.0881,0.1191,598,St. John's,NL
-58.58,48.55,PGV,0.0034,0.0049,0.0068,0.014,0.0231,0.0351,0.0497,0.055,0.076,0.103,599,Stephenville,NL
-64.53,53.5,PGV,0.0014,0.0023,0.0034,0.0075,0.0143,0.023,0.0334,0.0371,0.0514,0.0693,600,Twin Falls,NL
-52.95,47.63,PGV,0.0029,0.0045,0.0064,0.0145,0.0252,0.0395,0.0569,0.0633,0.0873,0.1179,601,Wabana,NL
-66.87,52.92,PGV,0.0029,0.0041,0.0054,0.0109,0.018,0.0272,0.0383,0.0423,0.0573,0.0758,602,Wabush,NL
-137.517,61.6,PGV,0.0524,0.0641,0.0751,0.108,0.1461,0.1912,0.2418,0.2585,0.3215,0.3951,603,Aishihik,YT
-139.42,64.07,PGV,0.0363,0.044,0.0509,0.0727,0.0983,0.1305,0.1697,0.1842,0.2428,0.3242,604,Dawson,YT
-138.8,61.25,PGV,0.0822,0.1066,0.1336,0.2394,0.3824,0.5577,0.7516,0.813,1.0422,1.2923,605,Destruction Bay,YT
-140.37,62.4,PGV,0.0619,0.0756,0.0881,0.1261,0.1691,0.2195,0.2756,0.2949,0.365,0.449,606,Snag,YT
-132.72,60.17,PGV,0.0265,0.0322,0.0376,0.0539,0.0734,0.0975,0.1269,0.1377,0.1825,0.2471,607,Teslin,YT
-128.71,60.13,PGV,0.0163,0.0202,0.0241,0.0372,0.0549,0.08,0.1125,0.1247,0.1745,0.2428,608,Watson Lake,YT
-135.05,60.72,PGV,0.0405,0.0485,0.0563,0.0794,0.1054,0.1367,0.1721,0.1846,0.232,0.2926,609,Whitehorse,YT
-135.01,68.23,PGV,0.0211,0.0272,0.0334,0.0546,0.0834,0.1241,0.1782,0.1991,0.2883,0.4201,610,Aklavik,NT
-117.88,66.05,PGV,0.0034,0.0043,0.0053,0.0092,0.0142,0.0209,0.0293,0.0324,0.0448,0.0613,611,Echo Bay / Port Radium,NT
-128.63,66.29,PGV,0.0195,0.0246,0.0295,0.0452,0.0647,0.0891,0.1181,0.1284,0.1678,0.2164,612,Fort Good Hope,NT
-117.65,61.35,PGV,0.0041,0.0053,0.0066,0.0113,0.0171,0.0249,0.0344,0.0378,0.0513,0.0688,613,Fort Providence,NT
-113.67,61.19,PGV,0.0018,0.0025,0.0033,0.0056,0.0094,0.0146,0.0215,0.0241,0.0354,0.0515,614,Fort Resolution,NT
-121.35,61.93,PGV,0.0106,0.0138,0.0169,0.0276,0.0412,0.0589,0.08,0.0873,0.1154,0.1493,615,Fort Simpson,NT
-111.88,60,PGV,0.0007,0.0011,0.0016,0.0038,0.0071,0.0126,0.0196,0.0224,0.034,0.0507,616,Fort Smith,NT
-115.733,60.85,PGV,0.0027,0.0035,0.0044,0.0075,0.0119,0.0179,0.0254,0.0282,0.0397,0.0557,617,Hay River,NT
-117.75,70.73,PGV,0.0019,0.0028,0.0037,0.0069,0.0121,0.019,0.0278,0.031,0.0438,0.0604,618,Ulukhaqtuuq / Holman,NT
-133.72,68.35,PGV,0.0181,0.0231,0.0282,0.0453,0.0677,0.0979,0.1357,0.1496,0.2055,0.2816,619,Inuvik,NT
-119.33,76.23,PGV,0.0017,0.0027,0.0036,0.0076,0.0142,0.0238,0.036,0.0406,0.058,0.0792,620,Mould Bay,NT
-126.85,65.283,PGV,0.0252,0.0326,0.0401,0.0665,0.1035,0.1574,0.2296,0.2571,0.37,0.5228,621,Norman Wells,NT
-116.05,62.83,PGV,0.0033,0.0042,0.0052,0.0089,0.0137,0.0201,0.0281,0.0311,0.043,0.0591,622,Rae-Edzo,NT
-128.27,61.95,PGV,0.0188,0.0237,0.0286,0.0449,0.0663,0.0952,0.1313,0.1447,0.1981,0.2694,623,Tungsten,NT
-114.35,62.48,PGV,0.0023,0.0031,0.0038,0.0065,0.0106,0.016,0.0231,0.0257,0.0369,0.0529,624,Yellowknife,NT
-62.25,82.48,PGV,0.0021,0.0035,0.0048,0.0111,0.0207,0.0356,0.0561,0.0641,0.0969,0.1422,625,Alert,NU
-85.17,73.03,PGV,0.0071,0.01,0.0126,0.0214,0.0325,0.0465,0.063,0.0687,0.0905,0.1172,626,Arctic Bay,NU
-94.05,61.12,PGV,0.0012,0.0019,0.0027,0.0054,0.0098,0.0158,0.0234,0.0262,0.0378,0.0539,627,Arviat,NU
-96.02,64.32,PGV,0.0019,0.003,0.004,0.0081,0.0143,0.0224,0.0324,0.036,0.0503,0.0685,628,Baker Lake,NU
-105.03,69.12,PGV,0.0015,0.0023,0.0033,0.0066,0.0119,0.0188,0.0273,0.0304,0.0426,0.0583,629,Iqaluktuuttiaq / Cambridge Bay,NU
-90.7,63.33,PGV,0.0023,0.0035,0.0047,0.0096,0.0164,0.0257,0.0371,0.0414,0.0576,0.0782,630,Igluligaarjuk / Chesterfield Inlet,NU
-68.57,70.45,PGV,0.0148,0.0202,0.0258,0.0448,0.07,0.1042,0.1466,0.1621,0.2236,0.3034,631,Kanngiqtugaapik / Clyde River,NU
-115.08,67.83,PGV,0.0016,0.0022,0.0028,0.005,0.0084,0.0135,0.0203,0.023,0.0345,0.051,632,Kugluktuk,NU
-83.17,64.13,PGV,0.0026,0.0039,0.0052,0.0108,0.0185,0.0294,0.0433,0.0484,0.0692,0.0962,633,Salliq / Coral Harbour,NU
-85.95,79.983,PGV,0.0102,0.0138,0.0173,0.0288,0.0432,0.0619,0.0848,0.0931,0.127,0.173,634,Eureka,NU
-68.5,63.73,PGV,0.0046,0.0065,0.0086,0.0156,0.0244,0.0356,0.0491,0.0539,0.0725,0.0953,635,Iqaluit,NU
-103.53,78.78,PGV,0.0178,0.0242,0.0307,0.0515,0.0776,0.11,0.148,0.1613,0.2123,0.2761,636,Isachsen,NU
-78,63.1,PGV,0.0019,0.003,0.004,0.0084,0.0153,0.0253,0.0392,0.0447,0.0681,0.1018,637,Nottingham Island,NU
-92.08,62.82,PGV,0.0019,0.0029,0.0039,0.0077,0.0136,0.0211,0.0307,0.034,0.0476,0.065,638,Kangiqiniq / Rankin Inlet,NU
-94.9,74.68,PGV,0.0074,0.0105,0.0135,0.0236,0.0367,0.0548,0.0782,0.0871,0.1242,0.1769,639,Resolute,NU
-64.883,61.3,PGV,0.0069,0.0102,0.0133,0.0248,0.0409,0.0636,0.0928,0.1038,0.1485,0.2098,640,Resolution Island,NU
-67.05,45.07,PGV,0.0095,0.0144,0.0201,0.045,0.0915,0.175,0.2976,0.3444,0.5388,0.7975,641,Saint Andrews ,NB
-66.82,45.13,PGV,0.0091,0.0136,0.0185,0.0378,0.07,0.1237,0.2017,0.2325,0.358,0.5264,642,Saint George ,NB
-82.43,52.93,PGV,0.0009,0.0014,0.0021,0.0048,0.0096,0.0168,0.0265,0.0303,0.0456,0.0663,643,Attawapiskat,ON
-75.76,45.28,PGV,0.011,0.0155,0.0204,0.0385,0.0656,0.1072,0.1671,0.191,0.2963,0.4538,645,Ottawa (Barrhaven),ON
-75.91,45.31,PGV,0.0106,0.015,0.0197,0.0369,0.0627,0.1022,0.1585,0.1811,0.2809,0.4317,646,Ottawa (Kanata),ON
-75.52,45.48,PGV,0.0119,0.0169,0.0222,0.0421,0.0717,0.1174,0.1825,0.2085,0.3216,0.4879,647,Ottawa (Orleans),ON
-75.67,45.32,PGV,0.0113,0.016,0.021,0.0397,0.0678,0.1111,0.1732,0.1981,0.3075,0.4697,648,Ottawa (M-C Int'l Airport),ON
-79.61,43.68,PGV,0.0039,0.0058,0.0081,0.017,0.0298,0.0485,0.074,0.0837,0.1245,0.1819,649,Toronto (LBP Int'l Airport),ON
-79.38,43.65,PGV,0.0042,0.0063,0.0089,0.0184,0.0327,0.0549,0.0872,0.1003,0.1583,0.2465,650,Toronto (city hall),ON
-73.63,45.69,PGV,0.0132,0.0187,0.0247,0.0471,0.0817,0.1367,0.2171,0.2495,0.3894,0.5917,652,Terrebonne,QC
-73.9,45.56,PGV,0.0135,0.0192,0.0253,0.0485,0.0844,0.1413,0.2232,0.2561,0.3966,0.5993,653,Saint-Eustache,QC
-75.93,45.64,PGV,0.0112,0.0158,0.0207,0.0385,0.065,0.1051,0.1619,0.1847,0.2835,0.4323,654,Wakefield,QC
-74.14,45.4,PGV,0.0135,0.0193,0.0256,0.0492,0.0858,0.1437,0.2264,0.2593,0.4007,0.6042,655,St-Lazare-Hudson,QC
-70.51,47.44,PGV,0.0358,0.0538,0.0739,0.1493,0.2622,0.4305,0.6531,0.7375,1.073,1.5021,656,Baie-Saint-Paul,QC
-70.04,47.37,PGV,0.0352,0.0522,0.0712,0.142,0.2471,0.4035,0.6124,0.6901,1.0058,1.411,657,La Pocatière,QC
-123.47,63.23,PGV,0.0213,0.0281,0.0351,0.0599,0.0947,0.1458,0.2143,0.2409,0.35,0.5,658,Wrigley,NT
-134.88,67.43,PGV,0.0292,0.037,0.0449,0.0706,0.1037,0.1476,0.2024,0.2227,0.3046,0.4151,659,Fort McPherson ,NT
-133.357,62.227,PGV,0.0232,0.028,0.0326,0.0468,0.0643,0.0869,0.1156,0.1264,0.171,0.2348,660,Faro,YT
-137.54,60.78,PGV,0.0712,0.088,0.1048,0.1588,0.2268,0.3143,0.4174,0.453,0.5889,0.7501,661,Haines Junction,YT
-115.35,51.09,PGV,0.0073,0.0104,0.0134,0.0242,0.039,0.0602,0.0878,0.0984,0.1421,0.2027,662,Canmore,AB
-128.14,52.16,PGV,0.0459,0.0593,0.0725,0.1129,0.1589,0.2116,0.2681,0.287,0.3519,0.4268,663,Bella Bella,BC
-126.75,52.37,PGV,0.0322,0.0417,0.051,0.0818,0.1179,0.1615,0.2088,0.2251,0.2831,0.3473,664,Bella Coola,BC
-132.08,53.26,PGV,0.1481,0.1997,0.2507,0.3974,0.5562,0.7388,0.9239,0.9884,1.2019,1.442,665,Queen Charlotte City,BC
-130,58.44,PGV,0.017,0.0206,0.0241,0.0342,0.0458,0.0597,0.0751,0.0805,0.1007,0.1258,666,Dease Lake ,BC
-126.05,49.78,PGV,0.0501,0.0649,0.0817,0.1561,0.2922,0.4747,0.6792,0.7484,0.9862,1.2445,667,Gold River ,BC
-127.45,50.38,PGV,0.0952,0.1287,0.1646,0.2856,0.434,0.6116,0.8024,0.8657,1.0998,1.3644,668,Port Alice ,BC
-126.65,49.93,PGV,0.0727,0.0956,0.1211,0.224,0.3768,0.5712,0.7829,0.8491,1.0951,1.368,669,Tahsis,BC
-125.13,48.83,PGV,0.0472,0.0623,0.079,0.1485,0.2879,0.5393,0.833,0.9286,1.2625,1.6224,670,Bamfield,BC
-124.4,48.56,PGV,0.063,0.0842,0.1072,0.1978,0.3502,0.5827,0.8479,0.938,1.253,1.5973,671,Port Renfrew ,BC
-124.05,48.42,PGV,0.0707,0.0943,0.1198,0.2165,0.368,0.5873,0.8377,0.9223,1.2219,1.553,672,Jordan River ,BC
-123.72,48.38,PGV,0.0802,0.107,0.1355,0.2394,0.3866,0.5848,0.8094,0.8837,1.1551,1.4587,673,Sooke,BC
-123.5,48.45,PGV,0.0871,0.1162,0.1469,0.2543,0.3962,0.5772,0.7822,0.8484,1.0963,1.3771,674,Langford,BC
-123.82,48.99,PGV,0.0749,0.1006,0.1279,0.2246,0.3493,0.5048,0.6813,0.7415,0.9524,1.1869,675,Ladysmith,BC
-124.33,49.32,PGV,0.0558,0.0749,0.0957,0.1734,0.2821,0.426,0.5868,0.6424,0.8387,1.062,676,Parksville,BC
-123.75,49.47,PGV,0.0539,0.0722,0.0917,0.1617,0.2554,0.3733,0.5074,0.5542,0.7241,0.9115,677,Sechelt,BC
-122.96,50.12,PGV,0.0289,0.0377,0.047,0.0803,0.1271,0.1915,0.2697,0.2976,0.4003,0.5214,678,Whistler ,BC
-122.8,49.02,PGV,0.0621,0.0824,0.1037,0.176,0.2683,0.3839,0.5141,0.5598,0.7255,0.9102,679,White Rock ,BC
-82.657,46.381,PGV,0.0023,0.0035,0.0047,0.01,0.0172,0.027,0.0391,0.0435,0.0605,0.0814,680,Elliot Lake ,ON
-80.394,44.17,PGV,0.0035,0.005,0.0068,0.0138,0.0232,0.0358,0.0513,0.0569,0.0781,0.1041,681,Dundalk,ON
-80.204,44.076,PGV,0.0036,0.0051,0.007,0.0142,0.024,0.0372,0.0533,0.0593,0.0816,0.1091,682,Shelburne,ON
-73.554,45.509,PGV,0.0132,0.0187,0.0248,0.0475,0.083,0.1396,0.2223,0.2556,0.399,0.6049,683,Montréal (city hall),QC
